cap,citta,nome,paese
22000,Venice,Banca,Italia
22001,Venice,Trattoria,Italia
22002,Venice,Trattoria,Italia
22003,Milan,Ristorante,Italia
22004,Venice,Salumeria,Italia
22005,Naples,Trattoria,Italia
22006,Messina,Pizzeria,Italia
22007,Venice,Panetteria,Italia
22008,Venice,Pizzeria,Italia
22009,Palermo,Ristorante,Italia
22010,Turin,Salumeria,Italia
22011,Milan,Banca,Italia
22012,Genoa,Trattoria,Italia
22013,Genoa,Enoteca,Italia
22014,Rome,Enoteca,Italia
22015,Venezia,Trattoria,Italia
22016,Milan,Pizzeria,Italia
22017,Messina,Enoteca,Italia
22018,Genoa,Trattoria,Italia
22019,Venice,Pizzeria,Italia
22020,Genoa,Enoteca,Italia
22021,Florence,Salumeria,Italia
22022,Bologna,Banca,Italia
22023,Genoa,Ristorante,Italia
22024,Palermo,Pizzeria,Italia
22025,Florence,Banca,Italia
22026,Rome,Ristorante,Italia
22027,Turin,Salumeria,Italia
22028,Genoa,Salumeria,Italia
22029,Milan,Pizzeria,Italia
22030,Milan,Pizzeria,Italia
22031,Florence,Banca,Italia
22032,Milan,Enoteca,Italia
22033,Naples,Ristorante,Italia
22034,Venice,Salumeria,Italia
22035,Bologna,Salumeria,Italia
22036,Genoa,Pizzeria,Italia
22037,Genoa,Pizzeria,Italia
22038,Venezia,Trattoria,Italia
22039,Milan,Trattoria,Italia
22040,Verona,Enoteca,Italia
22041,Genoa,Enoteca,Italia
22042,Naples,Banca,Italia
22043,Turin,Pizzeria,Italia
22044,Genoa,Pizzeria,Italia
22045,Naples,Trattoria,Italia
22046,Messina,Pizzeria,Italia
22047,Venice,Enoteca,Italia
22048,Palermo,Banca,Italia
22049,Bologna,Panetteria,Italia
22050,Messina,Banca,Italia
22051,Messina,Ristorante,Italia
22052,Verona,Salumeria,Italia
22053,Rome,Panetteria,Italia
22054,Florence,Pizzeria,Italia
22055,Rome,Trattoria,Italia
22056,Genoa,Banca,Italia
22057,Turin,Ristorante,Italia
22058,Palermo,Enoteca,Italia
22059,Florence,Trattoria,Italia
22060,Verona,Ristorante,Italia
22061,Palermo,Salumeria,Italia
22062,Florence,Pizzeria,Italia
22063,Turin,Pizzeria,Italia
22064,Palermo,Pizzeria,Italia
22065,Rome,Pizzeria,Italia
22066,Venice,Panetteria,Italia
22067,Naples,Pizzeria,Italia
22068,Florence,Banca,Italia
22069,Palermo,Ristorante,Italia
22070,Venice,Salumeria,Italia
22071,Milan,Panetteria,Italia
22072,Turin,Ristorante,Italia
22073,Turin,Banca,Italia
22074,Florence,Enoteca,Italia
22075,Naples,Panetteria,Italia
22076,Rome,Pizzeria,Italia
22077,Naples,Banca,Italia
22078,Venezia,Salumeria,Italia
22079,Rome,Trattoria,Italia
22080,Genoa,Panetteria,Italia
22081,Genoa,Enoteca,Italia
22082,Milan,Trattoria,Italia
22083,Venice,Panetteria,Italia
22084,Florence,Pizzeria,Italia
22085,Venezia,Salumeria,Italia
22086,Genoa,Panetteria,Italia
22087,Venice,Banca,Italia
22088,Palermo,Salumeria,Italia
22089,Bologna,Trattoria,Italia
22090,Naples,Panetteria,Italia
22091,Palermo,Enoteca,Italia
22092,Milan,Panetteria,Italia
22093,Turin,Banca,Italia
22094,Florence,Banca,Italia
22095,Venezia,Banca,Italia
22096,Genoa,Ristorante,Italia
22097,Bologna,Pizzeria,Italia
22098,Florence,Panetteria,Italia
22099,Venice,Ristorante,Italia
22100,Venice,Ristorante,Italia
22101,Florence,Enoteca,Italia
22102,Palermo,Ristorante,Italia
22103,Palermo,Salumeria,Italia
22104,Rome,Enoteca,Italia
22105,Messina,Panetteria,Italia
22106,Rome,Panetteria,Italia
22107,Palermo,Trattoria,Italia
22108,Bologna,Ristorante,Italia
22109,Rome,Salumeria,Italia
22110,Turin,Trattoria,Italia
22111,Genoa,Pizzeria,Italia
22112,Bologna,Salumeria,Italia
22113,Palermo,Enoteca,Italia
22114,Venezia,Panetteria,Italia
22115,Palermo,Ristorante,Italia
22116,Verona,Ristorante,Italia
22117,Palermo,Ristorante,Italia
22118,Bologna,Enoteca,Italia
22119,Milan,Trattoria,Italia
22120,Milan,Panetteria,Italia
22121,Venice,Pizzeria,Italia
22122,Messina,Ristorante,Italia
22123,Palermo,Panetteria,Italia
22124,Messina,Trattoria,Italia
22125,Turin,Ristorante,Italia
22126,Rome,Salumeria,Italia
22127,Bologna,Enoteca,Italia
22128,Venezia,Pizzeria,Italia
22129,Genoa,Enoteca,Italia
22130,Bologna,Banca,Italia
22131,Venice,Enoteca,Italia
22132,Venice,Trattoria,Italia
22133,Genoa,Ristorante,Italia
22134,Rome,Trattoria,Italia
22135,Venice,Enoteca,Italia
22136,Naples,Ristorante,Italia
22137,Turin,Panetteria,Italia
22138,Palermo,Salumeria,Italia
22139,Naples,Salumeria,Italia
22140,Milan,Banca,Italia
22141,Rome,Banca,Italia
22142,Rome,Salumeria,Italia
22143,Messina,Trattoria,Italia
22144,Rome,Enoteca,Italia
22145,Messina,Enoteca,Italia
22146,Naples,Pizzeria,Italia
22147,Palermo,Banca,Italia
22148,Turin,Banca,Italia
22149,Palermo,Pizzeria,Italia
22150,Florence,Salumeria,Italia
22151,Messina,Ristorante,Italia
22152,Messina,Salumeria,Italia
22153,Rome,Trattoria,Italia
22154,Messina,Banca,Italia
22155,Florence,Salumeria,Italia
22156,Venezia,Banca,Italia
22157,Palermo,Salumeria,Italia
22158,Bologna,Pizzeria,Italia
22159,Palermo,Panetteria,Italia
22160,Turin,Pizzeria,Italia
22161,Messina,Trattoria,Italia
22162,Verona,Enoteca,Italia
22163,Turin,Salumeria,Italia
22164,Messina,Trattoria,Italia
22165,Bologna,Banca,Italia
22166,Turin,Panetteria,Italia
22167,Messina,Banca,Italia
22168,Palermo,Pizzeria,Italia
22169,Rome,Trattoria,Italia
22170,Venezia,Enoteca,Italia
22171,Messina,Ristorante,Italia
22172,Genoa,Salumeria,Italia
22173,Genoa,Enoteca,Italia
22174,Messina,Pizzeria,Italia
22175,Bologna,Ristorante,Italia
22176,Milan,Pizzeria,Italia
22177,Venice,Trattoria,Italia
22178,Venezia,Pizzeria,Italia
22179,Verona,Panetteria,Italia
22180,Rome,Banca,Italia
22181,Turin,Pizzeria,Italia
22182,Rome,Trattoria,Italia
22183,Palermo,Enoteca,Italia
22184,Bologna,Enoteca,Italia
22185,Bologna,Salumeria,Italia
22186,Florence,Ristorante,Italia
22187,Messina,Banca,Italia
22188,Rome,Enoteca,Italia
22189,Venezia,Salumeria,Italia
22190,Rome,Trattoria,Italia
22191,Rome,Pizzeria,Italia
22192,Palermo,Enoteca,Italia
22193,Venezia,Ristorante,Italia
22194,Palermo,Ristorante,Italia
22195,Florence,Banca,Italia
22196,Venezia,Panetteria,Italia
22197,Milan,Enoteca,Italia
22198,Bologna,Panetteria,Italia
22199,Venezia,Panetteria,Italia
22200,Verona,Banca,Italia
22201,Verona,Trattoria,Italia
22202,Venice,Trattoria,Italia
22203,Florence,Pizzeria,Italia
22204,Messina,Enoteca,Italia
22205,Venezia,Panetteria,Italia
22206,Florence,Trattoria,Italia
22207,Messina,Salumeria,Italia
22208,Verona,Panetteria,Italia
22209,Rome,Salumeria,Italia
22210,Naples,Pizzeria,Italia
22211,Palermo,Panetteria,Italia
22212,Verona,Banca,Italia
22213,Genoa,Ristorante,Italia
22214,Milan,Ristorante,Italia
22215,Turin,Trattoria,Italia
22216,Rome,Salumeria,Italia
22217,Bologna,Enoteca,Italia
22218,Bologna,Panetteria,Italia
22219,Verona,Banca,Italia
22220,Milan,Salumeria,Italia
22221,Palermo,Trattoria,Italia
22222,Venezia,Banca,Italia
22223,Venice,Enoteca,Italia
22224,Bologna,Enoteca,Italia
22225,Palermo,Pizzeria,Italia
22226,Messina,Banca,Italia
22227,Turin,Trattoria,Italia
22228,Genoa,Panetteria,Italia
22229,Verona,Pizzeria,Italia
22230,Milan,Banca,Italia
22231,Palermo,Enoteca,Italia
22232,Turin,Salumeria,Italia
22233,Turin,Panetteria,Italia
22234,Genoa,Pizzeria,Italia
22235,Naples,Banca,Italia
22236,Naples,Panetteria,Italia
22237,Venice,Trattoria,Italia
22238,Venezia,Salumeria,Italia
22239,Genoa,Salumeria,Italia
22240,Naples,Ristorante,Italia
22241,Venezia,Salumeria,Italia
22242,Rome,Ristorante,Italia
22243,Messina,Panetteria,Italia
22244,Naples,Ristorante,Italia
22245,Milan,Ristorante,Italia
22246,Turin,Salumeria,Italia
22247,Messina,Panetteria,Italia
22248,Florence,Pizzeria,Italia
22249,Rome,Salumeria,Italia
22250,Bologna,Pizzeria,Italia
22251,Turin,Enoteca,Italia
22252,Venezia,Banca,Italia
22253,Venice,Panetteria,Italia
22254,Verona,Salumeria,Italia
22255,Venice,Panetteria,Italia
22256,Rome,Panetteria,Italia
22257,Rome,Banca,Italia
22258,Messina,Pizzeria,Italia
22259,Florence,Enoteca,Italia
22260,Verona,Banca,Italia
22261,Palermo,Panetteria,Italia
22262,Venice,Banca,Italia
22263,Venezia,Ristorante,Italia
22264,Venice,Banca,Italia
22265,Bologna,Enoteca,Italia
22266,Verona,Pizzeria,Italia
22267,Milan,Trattoria,Italia
22268,Naples,Banca,Italia
22269,Venezia,Ristorante,Italia
22270,Palermo,Salumeria,Italia
22271,Naples,Ristorante,Italia
22272,Genoa,Trattoria,Italia
22273,Naples,Enoteca,Italia
22274,Palermo,Enoteca,Italia
22275,Verona,Pizzeria,Italia
22276,Verona,Trattoria,Italia
22277,Milan,Enoteca,Italia
22278,Turin,Enoteca,Italia
22279,Turin,Banca,Italia
22280,Rome,Salumeria,Italia
22281,Venezia,Ristorante,Italia
22282,Rome,Pizzeria,Italia
22283,Genoa,Pizzeria,Italia
22284,Rome,Trattoria,Italia
22285,Rome,Banca,Italia
22286,Verona,Pizzeria,Italia
22287,Florence,Pizzeria,Italia
22288,Palermo,Salumeria,Italia
22289,Venezia,Ristorante,Italia
22290,Genoa,Panetteria,Italia
22291,Verona,Ristorante,Italia
22292,Rome,Enoteca,Italia
22293,Florence,Panetteria,Italia
22294,Florence,Ristorante,Italia
22295,Naples,Trattoria,Italia
22296,Rome,Pizzeria,Italia
22297,Bologna,Enoteca,Italia
22298,Bologna,Trattoria,Italia
22299,Venice,Salumeria,Italia
22300,Venezia,Trattoria,Italia
22301,Turin,Enoteca,Italia
22302,Venice,Trattoria,Italia
22303,Genoa,Trattoria,Italia
22304,Verona,Enoteca,Italia
22305,Bologna,Salumeria,Italia
22306,Bologna,Salumeria,Italia
22307,Verona,Panetteria,Italia
22308,Palermo,Panetteria,Italia
22309,Naples,Banca,Italia
22310,Florence,Ristorante,Italia
22311,Turin,Trattoria,Italia
22312,Venezia,Banca,Italia
22313,Rome,Pizzeria,Italia
22314,Messina,Banca,Italia
22315,Naples,Salumeria,Italia
22316,Naples,Enoteca,Italia
22317,Palermo,Ristorante,Italia
22318,Verona,Enoteca,Italia
22319,Turin,Enoteca,Italia
22320,Genoa,Banca,Italia
22321,Genoa,Trattoria,Italia
22322,Genoa,Panetteria,Italia
22323,Bologna,Panetteria,Italia
22324,Messina,Pizzeria,Italia
22325,Turin,Banca,Italia
22326,Palermo,Panetteria,Italia
22327,Venice,Pizzeria,Italia
22328,Venice,Trattoria,Italia
22329,Verona,Ristorante,Italia
22330,Naples,Enoteca,Italia
22331,Florence,Ristorante,Italia
22332,Florence,Enoteca,Italia
22333,Messina,Banca,Italia
22334,Florence,Trattoria,Italia
22335,Venice,Pizzeria,Italia
22336,Naples,Enoteca,Italia
22337,Milan,Trattoria,Italia
22338,Verona,Trattoria,Italia
22339,Venezia,Ristorante,Italia
22340,Venice,Enoteca,Italia
22341,Turin,Salumeria,Italia
22342,Palermo,Banca,Italia
22343,Turin,Salumeria,Italia
22344,Florence,Panetteria,Italia
22345,Venezia,Banca,Italia
22346,Florence,Pizzeria,Italia
22347,Palermo,Salumeria,Italia
22348,Rome,Panetteria,Italia
22349,Rome,Enoteca,Italia
22350,Bologna,Ristorante,Italia
22351,Milan,Salumeria,Italia
22352,Florence,Enoteca,Italia
22353,Rome,Banca,Italia
22354,Venezia,Enoteca,Italia
22355,Messina,Trattoria,Italia
22356,Naples,Pizzeria,Italia
22357,Messina,Banca,Italia
22358,Venice,Salumeria,Italia
22359,Bologna,Pizzeria,Italia
22360,Venice,Banca,Italia
22361,Venezia,Enoteca,Italia
22362,Florence,Enoteca,Italia
22363,Bologna,Trattoria,Italia
22364,Venezia,Banca,Italia
22365,Venice,Ristorante,Italia
22366,Verona,Trattoria,Italia
22367,Venice,Ristorante,Italia
22368,Rome,Salumeria,Italia
22369,Turin,Salumeria,Italia
22370,Florence,Pizzeria,Italia
22371,Bologna,Ristorante,Italia
22372,Bologna,Ristorante,Italia
22373,Naples,Ristorante,Italia
22374,Florence,Enoteca,Italia
22375,Turin,Trattoria,Italia
22376,Venezia,Trattoria,Italia
22377,Turin,Salumeria,Italia
22378,Milan,Ristorante,Italia
22379,Naples,Salumeria,Italia
22380,Bologna,Panetteria,Italia
22381,Venezia,Enoteca,Italia
22382,Milan,Trattoria,Italia
22383,Turin,Pizzeria,Italia
22384,Milan,Salumeria,Italia
22385,Bologna,Trattoria,Italia
22386,Rome,Banca,Italia
22387,Naples,Salumeria,Italia
22388,Florence,Banca,Italia
22389,Venice,Ristorante,Italia
22390,Messina,Salumeria,Italia
22391,Verona,Banca,Italia
22392,Turin,Trattoria,Italia
22393,Florence,Enoteca,Italia
22394,Rome,Salumeria,Italia
22395,Venice,Trattoria,Italia
22396,Genoa,Pizzeria,Italia
22397,Venezia,Pizzeria,Italia
22398,Messina,Enoteca,Italia
22399,Florence,Ristorante,Italia
22400,Naples,Pizzeria,Italia
22401,Rome,Panetteria,Italia
22402,Venice,Trattoria,Italia
22403,Genoa,Panetteria,Italia
22404,Genoa,Banca,Italia
22405,Rome,Salumeria,Italia
22406,Rome,Panetteria,Italia
22407,Bologna,Banca,Italia
22408,Milan,Pizzeria,Italia
22409,Genoa,Pizzeria,Italia
22410,Turin,Trattoria,Italia
22411,Bologna,Salumeria,Italia
22412,Turin,Enoteca,Italia
22413,Messina,Trattoria,Italia
22414,Bologna,Enoteca,Italia
22415,Venice,Trattoria,Italia
22416,Naples,Pizzeria,Italia
22417,Messina,Enoteca,Italia
22418,Florence,Ristorante,Italia
22419,Messina,Pizzeria,Italia
22420,Bologna,Salumeria,Italia
22421,Naples,Banca,Italia
22422,Verona,Banca,Italia
22423,Venice,Ristorante,Italia
22424,Venice,Trattoria,Italia
22425,Bologna,Ristorante,Italia
22426,Rome,Banca,Italia
22427,Milan,Banca,Italia
22428,Palermo,Salumeria,Italia
22429,Messina,Ristorante,Italia
22430,Messina,Trattoria,Italia
22431,Florence,Ristorante,Italia
22432,Genoa,Ristorante,Italia
22433,Palermo,Ristorante,Italia
22434,Bologna,Panetteria,Italia
22435,Bologna,Ristorante,Italia
22436,Rome,Pizzeria,Italia
22437,Rome,Enoteca,Italia
22438,Verona,Trattoria,Italia
22439,Venice,Pizzeria,Italia
22440,Venezia,Panetteria,Italia
22441,Venice,Enoteca,Italia
22442,Naples,Trattoria,Italia
22443,Palermo,Enoteca,Italia
22444,Florence,Salumeria,Italia
22445,Turin,Panetteria,Italia
22446,Palermo,Enoteca,Italia
22447,Venezia,Ristorante,Italia
22448,Verona,Trattoria,Italia
22449,Rome,Panetteria,Italia
22450,Rome,Trattoria,Italia
22451,Naples,Banca,Italia
22452,Bologna,Pizzeria,Italia
22453,Milan,Trattoria,Italia
22454,Bologna,Trattoria,Italia
22455,Rome,Ristorante,Italia
22456,Florence,Enoteca,Italia
22457,Verona,Pizzeria,Italia
22458,Milan,Banca,Italia
22459,Naples,Ristorante,Italia
22460,Palermo,Panetteria,Italia
22461,Turin,Ristorante,Italia
22462,Milan,Enoteca,Italia
22463,Venice,Pizzeria,Italia
22464,Bologna,Ristorante,Italia
22465,Genoa,Enoteca,Italia
22466,Venezia,Ristorante,Italia
22467,Turin,Enoteca,Italia
22468,Florence,Panetteria,Italia
22469,Milan,Panetteria,Italia
22470,Turin,Salumeria,Italia
22471,Bologna,Ristorante,Italia
22472,Florence,Panetteria,Italia
22473,Florence,Banca,Italia
22474,Turin,Enoteca,Italia
22475,Rome,Pizzeria,Italia
22476,Milan,Panetteria,Italia
22477,Naples,Ristorante,Italia
22478,Verona,Trattoria,Italia
22479,Florence,Salumeria,Italia
22480,Palermo,Panetteria,Italia
22481,Verona,Salumeria,Italia
22482,Turin,Panetteria,Italia
22483,Florence,Ristorante,Italia
22484,Genoa,Panetteria,Italia
22485,Milan,Trattoria,Italia
22486,Palermo,Trattoria,Italia
22487,Venezia,Trattoria,Italia
22488,Florence,Pizzeria,Italia
22489,Florence,Enoteca,Italia
22490,Turin,Ristorante,Italia
22491,Milan,Enoteca,Italia
22492,Venezia,Panetteria,Italia
22493,Turin,Enoteca,Italia
22494,Genoa,Trattoria,Italia
22495,Bologna,Pizzeria,Italia
22496,Milan,Banca,Italia
22497,Naples,Salumeria,Italia
22498,Naples,Trattoria,Italia
22499,Venice,Trattoria,Italia
22500,Milan,Enoteca,Italia
22501,Verona,Salumeria,Italia
22502,Rome,Pizzeria,Italia
22503,Turin,Trattoria,Italia
22504,Genoa,Banca,Italia
22505,Naples,Ristorante,Italia
22506,Bologna,Ristorante,Italia
22507,Bologna,Trattoria,Italia
22508,Genoa,Panetteria,Italia
22509,Verona,Enoteca,Italia
22510,Naples,Enoteca,Italia
22511,Rome,Ristorante,Italia
22512,Milan,Panetteria,Italia
22513,Bologna,Ristorante,Italia
22514,Turin,Enoteca,Italia
22515,Turin,Trattoria,Italia
22516,Florence,Salumeria,Italia
22517,Venezia,Trattoria,Italia
22518,Genoa,Salumeria,Italia
22519,Turin,Banca,Italia
22520,Verona,Pizzeria,Italia
22521,Palermo,Salumeria,Italia
22522,Palermo,Enoteca,Italia
22523,Venezia,Trattoria,Italia
22524,Milan,Banca,Italia
22525,Venice,Panetteria,Italia
22526,Bologna,Enoteca,Italia
22527,Palermo,Salumeria,Italia
22528,Milan,Salumeria,Italia
22529,Genoa,Panetteria,Italia
22530,Rome,Salumeria,Italia
22531,Rome,Panetteria,Italia
22532,Naples,Panetteria,Italia
22533,Venice,Ristorante,Italia
22534,Genoa,Banca,Italia
22535,Florence,Banca,Italia
22536,Bologna,Banca,Italia
22537,Verona,Banca,Italia
22538,Verona,Ristorante,Italia
22539,Naples,Pizzeria,Italia
22540,Milan,Salumeria,Italia
22541,Naples,Salumeria,Italia
22542,Genoa,Pizzeria,Italia
22543,Naples,Banca,Italia
22544,Rome,Trattoria,Italia
22545,Florence,Enoteca,Italia
22546,Bologna,Enoteca,Italia
22547,Bologna,Pizzeria,Italia
22548,Turin,Enoteca,Italia
22549,Genoa,Ristorante,Italia
22550,Messina,Ristorante,Italia
22551,Milan,Pizzeria,Italia
22552,Bologna,Ristorante,Italia
22553,Genoa,Enoteca,Italia
22554,Milan,Enoteca,Italia
22555,Genoa,Banca,Italia
22556,Genoa,Trattoria,Italia
22557,Milan,Ristorante,Italia
22558,Rome,Banca,Italia
22559,Milan,Pizzeria,Italia
22560,Rome,Banca,Italia
22561,Venezia,Pizzeria,Italia
22562,Turin,Banca,Italia
22563,Messina,Enoteca,Italia
22564,Milan,Enoteca,Italia
22565,Venice,Ristorante,Italia
22566,Messina,Ristorante,Italia
22567,Naples,Trattoria,Italia
22568,Verona,Salumeria,Italia
22569,Naples,Salumeria,Italia
22570,Venezia,Salumeria,Italia
22571,Turin,Salumeria,Italia
22572,Genoa,Pizzeria,Italia
22573,Milan,Pizzeria,Italia
22574,Venice,Panetteria,Italia
22575,Verona,Banca,Italia
22576,Venice,Ristorante,Italia
22577,Messina,Panetteria,Italia
22578,Venezia,Enoteca,Italia
22579,Messina,Banca,Italia
22580,Milan,Ristorante,Italia
22581,Florence,Panetteria,Italia
22582,Naples,Pizzeria,Italia
22583,Verona,Banca,Italia
22584,Naples,Pizzeria,Italia
22585,Palermo,Banca,Italia
22586,Florence,Ristorante,Italia
22587,Messina,Panetteria,Italia
22588,Naples,Pizzeria,Italia
22589,Bologna,Ristorante,Italia
22590,Venezia,Panetteria,Italia
22591,Verona,Ristorante,Italia
22592,Florence,Pizzeria,Italia
22593,Naples,Ristorante,Italia
22594,Rome,Enoteca,Italia
22595,Genoa,Enoteca,Italia
22596,Bologna,Salumeria,Italia
22597,Venezia,Enoteca,Italia
22598,Milan,Panetteria,Italia
22599,Turin,Trattoria,Italia
22600,Rome,Banca,Italia
22601,Naples,Salumeria,Italia
22602,Rome,Ristorante,Italia
22603,Messina,Pizzeria,Italia
22604,Florence,Panetteria,Italia
22605,Messina,Salumeria,Italia
22606,Venezia,Pizzeria,Italia
22607,Genoa,Panetteria,Italia
22608,Palermo,Panetteria,Italia
22609,Milan,Ristorante,Italia
22610,Palermo,Pizzeria,Italia
22611,Turin,Enoteca,Italia
22612,Rome,Banca,Italia
22613,Palermo,Banca,Italia
22614,Naples,Ristorante,Italia
22615,Venezia,Enoteca,Italia
22616,Turin,Enoteca,Italia
22617,Turin,Panetteria,Italia
22618,Verona,Panetteria,Italia
22619,Genoa,Pizzeria,Italia
22620,Verona,Panetteria,Italia
22621,Messina,Salumeria,Italia
22622,Messina,Trattoria,Italia
22623,Venice,Ristorante,Italia
22624,Florence,Trattoria,Italia
22625,Venice,Banca,Italia
22626,Venice,Pizzeria,Italia
22627,Messina,Ristorante,Italia
22628,Florence,Pizzeria,Italia
22629,Milan,Salumeria,Italia
22630,Palermo,Panetteria,Italia
22631,Florence,Banca,Italia
22632,Venice,Panetteria,Italia
22633,Verona,Trattoria,Italia
22634,Venice,Panetteria,Italia
22635,Venice,Ristorante,Italia
22636,Venice,Trattoria,Italia
22637,Milan,Panetteria,Italia
22638,Florence,Pizzeria,Italia
22639,Milan,Pizzeria,Italia
22640,Bologna,Salumeria,Italia
22641,Venice,Trattoria,Italia
22642,Turin,Pizzeria,Italia
22643,Bologna,Panetteria,Italia
22644,Turin,Ristorante,Italia
22645,Palermo,Ristorante,Italia
22646,Messina,Salumeria,Italia
22647,Venice,Panetteria,Italia
22648,Palermo,Ristorante,Italia
22649,Naples,Trattoria,Italia
22650,Rome,Panetteria,Italia
22651,Venice,Panetteria,Italia
22652,Florence,Ristorante,Italia
22653,Florence,Ristorante,Italia
22654,Venezia,Ristorante,Italia
22655,Messina,Ristorante,Italia
22656,Naples,Panetteria,Italia
22657,Milan,Enoteca,Italia
22658,Palermo,Pizzeria,Italia
22659,Bologna,Salumeria,Italia
22660,Genoa,Enoteca,Italia
22661,Palermo,Pizzeria,Italia
22662,Turin,Ristorante,Italia
22663,Messina,Ristorante,Italia
22664,Genoa,Salumeria,Italia
22665,Messina,Ristorante,Italia
22666,Palermo,Panetteria,Italia
22667,Naples,Banca,Italia
22668,Naples,Pizzeria,Italia
22669,Palermo,Salumeria,Italia
22670,Turin,Salumeria,Italia
22671,Venezia,Salumeria,Italia
22672,Palermo,Ristorante,Italia
22673,Venice,Banca,Italia
22674,Messina,Pizzeria,Italia
22675,Rome,Salumeria,Italia
22676,Messina,Ristorante,Italia
22677,Turin,Enoteca,Italia
22678,Bologna,Banca,Italia
22679,Messina,Banca,Italia
22680,Rome,Trattoria,Italia
22681,Messina,Salumeria,Italia
22682,Florence,Pizzeria,Italia
22683,Messina,Panetteria,Italia
22684,Turin,Enoteca,Italia
22685,Genoa,Trattoria,Italia
22686,Naples,Pizzeria,Italia
22687,Florence,Salumeria,Italia
22688,Messina,Trattoria,Italia
22689,Bologna,Salumeria,Italia
22690,Bologna,Enoteca,Italia
22691,Rome,Banca,Italia
22692,Florence,Salumeria,Italia
22693,Verona,Banca,Italia
22694,Genoa,Pizzeria,Italia
22695,Venice,Salumeria,Italia
22696,Messina,Enoteca,Italia
22697,Messina,Enoteca,Italia
22698,Florence,Salumeria,Italia
22699,Rome,Enoteca,Italia
22700,Naples,Enoteca,Italia
22701,Milan,Pizzeria,Italia
22702,Venice,Pizzeria,Italia
22703,Palermo,Ristorante,Italia
22704,Rome,Ristorante,Italia
22705,Messina,Ristorante,Italia
22706,Venice,Panetteria,Italia
22707,Bologna,Enoteca,Italia
22708,Verona,Trattoria,Italia
22709,Genoa,Ristorante,Italia
22710,Bologna,Ristorante,Italia
22711,Verona,Banca,Italia
22712,Messina,Salumeria,Italia
22713,Palermo,Banca,Italia
22714,Milan,Ristorante,Italia
22715,Florence,Panetteria,Italia
22716,Naples,Salumeria,Italia
22717,Florence,Pizzeria,Italia
22718,Venezia,Panetteria,Italia
22719,Venice,Salumeria,Italia
22720,Bologna,Panetteria,Italia
22721,Palermo,Panetteria,Italia
22722,Messina,Panetteria,Italia
22723,Naples,Ristorante,Italia
22724,Venice,Enoteca,Italia
22725,Naples,Banca,Italia
22726,Genoa,Panetteria,Italia
22727,Turin,Pizzeria,Italia
22728,Verona,Ristorante,Italia
22729,Rome,Banca,Italia
22730,Verona,Salumeria,Italia
22731,Bologna,Panetteria,Italia
22732,Venice,Salumeria,Italia
22733,Messina,Panetteria,Italia
22734,Milan,Ristorante,Italia
22735,Venezia,Enoteca,Italia
22736,Venice,Trattoria,Italia
22737,Naples,Trattoria,Italia
22738,Florence,Ristorante,Italia
22739,Milan,Panetteria,Italia
22740,Naples,Banca,Italia
22741,Rome,Banca,Italia
22742,Rome,Enoteca,Italia
22743,Florence,Salumeria,Italia
22744,Messina,Ristorante,Italia
22745,Milan,Panetteria,Italia
22746,Venezia,Pizzeria,Italia
22747,Rome,Trattoria,Italia
22748,Rome,Salumeria,Italia
22749,Milan,Salumeria,Italia
22750,Milan,Trattoria,Italia
22751,Milan,Panetteria,Italia
22752,Rome,Banca,Italia
22753,Naples,Salumeria,Italia
22754,Bologna,Panetteria,Italia
22755,Venice,Ristorante,Italia
22756,Venezia,Ristorante,Italia
22757,Verona,Pizzeria,Italia
22758,Venice,Pizzeria,Italia
22759,Milan,Enoteca,Italia
22760,Genoa,Ristorante,Italia
22761,Messina,Banca,Italia
22762,Messina,Ristorante,Italia
22763,Genoa,Panetteria,Italia
22764,Messina,Trattoria,Italia
22765,Messina,Salumeria,Italia
22766,Venice,Pizzeria,Italia
22767,Naples,Trattoria,Italia
22768,Venice,Banca,Italia
22769,Turin,Pizzeria,Italia
22770,Verona,Pizzeria,Italia
22771,Venice,Trattoria,Italia
22772,Venice,Banca,Italia
22773,Palermo,Panetteria,Italia
22774,Milan,Enoteca,Italia
22775,Naples,Trattoria,Italia
22776,Naples,Banca,Italia
22777,Milan,Panetteria,Italia
22778,Turin,Pizzeria,Italia
22779,Rome,Pizzeria,Italia
22780,Turin,Banca,Italia
22781,Venice,Panetteria,Italia
22782,Messina,Banca,Italia
22783,Milan,Ristorante,Italia
22784,Verona,Salumeria,Italia
22785,Venezia,Banca,Italia
22786,Messina,Panetteria,Italia
22787,Rome,Panetteria,Italia
22788,Florence,Enoteca,Italia
22789,Bologna,Trattoria,Italia
22790,Venice,Enoteca,Italia
22791,Messina,Banca,Italia
22792,Verona,Pizzeria,Italia
22793,Milan,Banca,Italia
22794,Venezia,Banca,Italia
22795,Naples,Salumeria,Italia
22796,Rome,Salumeria,Italia
22797,Venice,Enoteca,Italia
22798,Verona,Pizzeria,Italia
22799,Venice,Pizzeria,Italia
22800,Turin,Enoteca,Italia
22801,Naples,Salumeria,Italia
22802,Genoa,Ristorante,Italia
22803,Genoa,Salumeria,Italia
22804,Naples,Ristorante,Italia
22805,Turin,Enoteca,Italia
22806,Bologna,Salumeria,Italia
22807,Turin,Enoteca,Italia
22808,Turin,Banca,Italia
22809,Bologna,Enoteca,Italia
22810,Verona,Panetteria,Italia
22811,Florence,Trattoria,Italia
22812,Genoa,Ristorante,Italia
22813,Messina,Ristorante,Italia
22814,Venezia,Ristorante,Italia
22815,Naples,Pizzeria,Italia
22816,Messina,Ristorante,Italia
22817,Verona,Trattoria,Italia
22818,Turin,Enoteca,Italia
22819,Venezia,Enoteca,Italia
22820,Verona,Salumeria,Italia
22821,Palermo,Ristorante,Italia
22822,Palermo,Panetteria,Italia
22823,Turin,Enoteca,Italia
22824,Messina,Banca,Italia
22825,Palermo,Salumeria,Italia
22826,Palermo,Enoteca,Italia
22827,Turin,Panetteria,Italia
22828,Messina,Pizzeria,Italia
22829,Naples,Pizzeria,Italia
22830,Venezia,Ristorante,Italia
22831,Genoa,Ristorante,Italia
22832,Rome,Salumeria,Italia
22833,Messina,Enoteca,Italia
22834,Palermo,Salumeria,Italia
22835,Messina,Enoteca,Italia
22836,Naples,Enoteca,Italia
22837,Venezia,Panetteria,Italia
22838,Venice,Banca,Italia
22839,Milan,Enoteca,Italia
22840,Rome,Trattoria,Italia
22841,Florence,Banca,Italia
22842,Venice,Panetteria,Italia
22843,Palermo,Panetteria,Italia
22844,Turin,Trattoria,Italia
22845,Naples,Trattoria,Italia
22846,Florence,Ristorante,Italia
22847,Naples,Salumeria,Italia
22848,Genoa,Pizzeria,Italia
22849,Milan,Panetteria,Italia
22850,Venezia,Banca,Italia
22851,Venezia,Panetteria,Italia
22852,Messina,Banca,Italia
22853,Verona,Ristorante,Italia
22854,Milan,Salumeria,Italia
22855,Venice,Pizzeria,Italia
22856,Bologna,Trattoria,Italia
22857,Naples,Trattoria,Italia
22858,Naples,Trattoria,Italia
22859,Verona,Trattoria,Italia
22860,Verona,Banca,Italia
22861,Venice,Ristorante,Italia
22862,Messina,Banca,Italia
22863,Florence,Salumeria,Italia
22864,Milan,Panetteria,Italia
22865,Turin,Pizzeria,Italia
22866,Venezia,Trattoria,Italia
22867,Venice,Salumeria,Italia
22868,Rome,Ristorante,Italia
22869,Naples,Panetteria,Italia
22870,Bologna,Pizzeria,Italia
22871,Turin,Banca,Italia
22872,Venice,Panetteria,Italia
22873,Florence,Salumeria,Italia
22874,Turin,Salumeria,Italia
22875,Palermo,Ristorante,Italia
22876,Naples,Trattoria,Italia
22877,Verona,Salumeria,Italia
22878,Rome,Ristorante,Italia
22879,Verona,Enoteca,Italia
22880,Milan,Enoteca,Italia
22881,Florence,Enoteca,Italia
22882,Messina,Ristorante,Italia
22883,Verona,Pizzeria,Italia
22884,Messina,Enoteca,Italia
22885,Verona,Salumeria,Italia
22886,Milan,Pizzeria,Italia
22887,Genoa,Enoteca,Italia
22888,Venezia,Enoteca,Italia
22889,Verona,Ristorante,Italia
22890,Turin,Trattoria,Italia
22891,Turin,Ristorante,Italia
22892,Naples,Salumeria,Italia
22893,Milan,Banca,Italia
22894,Milan,Ristorante,Italia
22895,Verona,Ristorante,Italia
22896,Rome,Panetteria,Italia
22897,Messina,Enoteca,Italia
22898,Naples,Panetteria,Italia
22899,Venice,Salumeria,Italia
22900,Turin,Banca,Italia
22901,Verona,Salumeria,Italia
22902,Rome,Pizzeria,Italia
22903,Verona,Trattoria,Italia
22904,Turin,Pizzeria,Italia
22905,Venice,Panetteria,Italia
22906,Bologna,Salumeria,Italia
22907,Bologna,Salumeria,Italia
22908,Messina,Enoteca,Italia
22909,Verona,Banca,Italia
22910,Messina,Salumeria,Italia
22911,Rome,Salumeria,Italia
22912,Verona,Ristorante,Italia
22913,Messina,Trattoria,Italia
22914,Verona,Enoteca,Italia
22915,Milan,Salumeria,Italia
22916,Messina,Pizzeria,Italia
22917,Genoa,Banca,Italia
22918,Palermo,Banca,Italia
22919,Bologna,Ristorante,Italia
22920,Messina,Ristorante,Italia
22921,Turin,Banca,Italia
22922,Milan,Banca,Italia
22923,Genoa,Panetteria,Italia
22924,Milan,Banca,Italia
22925,Milan,Trattoria,Italia
22926,Venezia,Panetteria,Italia
22927,Rome,Pizzeria,Italia
22928,Rome,Enoteca,Italia
22929,Venice,Trattoria,Italia
22930,Bologna,Panetteria,Italia
22931,Milan,Enoteca,Italia
22932,Florence,Enoteca,Italia
22933,Verona,Trattoria,Italia
22934,Venezia,Ristorante,Italia
22935,Messina,Pizzeria,Italia
22936,Venezia,Salumeria,Italia
22937,Verona,Banca,Italia
22938,Turin,Ristorante,Italia
22939,Venezia,Enoteca,Italia
22940,Florence,Banca,Italia
22941,Venezia,Panetteria,Italia
22942,Venice,Ristorante,Italia
22943,Messina,Pizzeria,Italia
22944,Turin,Enoteca,Italia
22945,Naples,Banca,Italia
22946,Turin,Salumeria,Italia
22947,Bologna,Pizzeria,Italia
22948,Milan,Pizzeria,Italia
22949,Genoa,Pizzeria,Italia
22950,Venezia,Enoteca,Italia
22951,Messina,Banca,Italia
22952,Messina,Trattoria,Italia
22953,Venezia,Ristorante,Italia
22954,Milan,Trattoria,Italia
22955,Messina,Banca,Italia
22956,Messina,Enoteca,Italia
22957,Palermo,Pizzeria,Italia
22958,Milan,Ristorante,Italia
22959,Turin,Enoteca,Italia
22960,Rome,Pizzeria,Italia
22961,Milan,Enoteca,Italia
22962,Naples,Banca,Italia
22963,Genoa,Banca,Italia
22964,Venice,Panetteria,Italia
22965,Naples,Panetteria,Italia
22966,Verona,Banca,Italia
22967,Messina,Salumeria,Italia
22968,Genoa,Ristorante,Italia
22969,Bologna,Panetteria,Italia
22970,Milan,Banca,Italia
22971,Naples,Panetteria,Italia
22972,Verona,Ristorante,Italia
22973,Messina,Enoteca,Italia
22974,Florence,Banca,Italia
22975,Messina,Panetteria,Italia
22976,Messina,Ristorante,Italia
22977,Florence,Trattoria,Italia
22978,Genoa,Pizzeria,Italia
22979,Florence,Trattoria,Italia
22980,Venezia,Ristorante,Italia
22981,Messina,Banca,Italia
22982,Verona,Enoteca,Italia
22983,Venice,Trattoria,Italia
22984,Turin,Trattoria,Italia
22985,Naples,Banca,Italia
22986,Florence,Enoteca,Italia
22987,Verona,Banca,Italia
22988,Verona,Salumeria,Italia
22989,Florence,Trattoria,Italia
22990,Turin,Pizzeria,Italia
22991,Rome,Banca,Italia
22992,Venezia,Banca,Italia
22993,Turin,Banca,Italia
22994,Turin,Enoteca,Italia
22995,Milan,Banca,Italia
22996,Venezia,Trattoria,Italia
22997,Palermo,Ristorante,Italia
22998,Verona,Panetteria,Italia
22999,Verona,Ristorante,Italia
