citta,codiceFiscale,cognome,eta,nome,precedenti,ruolo,sesso
Turin,QHKW7SESV4X87K69,Gemelli,52,Dari,true,Vittima,Maschile
Rome,Y02D5PWD32B0506F,Annice,29,Rickey,true,Criminale,Femminile
Florence,E94W5852WQZ01POZ,Claybourne,67,Rube,false,Criminale,Maschile
Turin,IT5X5HDCI01HXM4I,Sleeny,74,Selinda,false,Criminale,Femminile
Venice,423K617MR06IA923,Wickmann,69,Dale,true,Criminale,Femminile
Florence,K9KS9WV6651H291Z,Sydenham,29,Annaliese,false,Vittima,Maschile
Florence,J3F2U460P4H36075,Boosey,23,Pansie,true,Vittima,Femminile
Genoa,2Z0ZM031B9A57Z3L,Broomhead,78,Antonetta,false,Vittima,Femminile
Florence,51T1TKJ088L2H1Q0,Rippingall,69,Trenton,true,Vittima,Maschile
Rome,B0NEY1136BU2FQ16,Jencey,64,Gabby,false,Vittima,Maschile
Rome,0D089B8OK0R24YR7,MacRirie,30,Mano,false,Criminale,Femminile
Milan,29QD5C49ZC76703N,Dickins,74,Aldis,false,Criminale,Femminile
Milan,WT7N87JIKZ9195CR,Kinnin,77,Viva,false,Criminale,Femminile
Palermo,RC0CWQ8ZB7OCPT95,Losano,79,Malcolm,true,Vittima,Femminile
Turin,AYWA8WF79847556E,Tatnell,59,Claudian,true,Vittima,Maschile
Milan,561CJ59DL04Z3876,Callander,24,Averil,true,Criminale,Maschile
Florence,Q859XU3IWVB4405N,Castanaga,53,Andres,true,Vittima,Femminile
Florence,Y2VF0T3F1P869O0P,Weildish,62,Ezequiel,false,Vittima,Maschile
Turin,5R8VN5DTGRRJB96Z,Spatarul,61,Rheba,true,Vittima,Maschile
Verona,YQ6IPC9U9W6N820D,Milburn,58,Tobiah,false,Criminale,Maschile
Turin,99FX1X34NL09XO3H,Geraldez,32,Joelynn,true,Vittima,Femminile
Naples,508T9AJHI21R28J2,Pray,30,Sonnie,false,Criminale,Maschile
Florence,ZR7HPV5381JBPML3,Blakemore,30,Chantal,true,Vittima,Femminile
Milan,W54PY8JYH2B23U66,Tipler,21,Armando,false,Vittima,Maschile
Palermo,M8W3T1923Q93YC7P,Hymor,65,Isidoro,true,Criminale,Femminile
Bologna,A852249HZU43K4W4,Hyland,62,Elie,true,Vittima,Femminile
Genoa,1933FX090B142N37,Tunstall,59,Marianna,true,Vittima,Femminile
Venice,48TUTF37997SKJDQ,Kennifick,28,Hanny,false,Criminale,Femminile
Genoa,J225V03L77TT0G2Q,Sellers,86,Chrotoem,false,Criminale,Maschile
Naples,WYTR77B89ZC0T9L9,Shimon,25,Merrilee,false,Vittima,Femminile
Florence,5XZQ6QY02O9ORC7T,Goretti,87,Felicity,true,Criminale,Femminile
Palermo,A51VVJ4XFHCU4DXL,Guido,81,Willamina,false,Vittima,Maschile
Naples,931337Q5PDN0X760,Puig,17,Yelena,true,Criminale,Maschile
Genoa,C9O791MW103J6Z00,Noblett,87,Cobb,true,Criminale,Femminile
Turin,F350U34J39EGK891,Stroban,47,Reinold,true,Criminale,Femminile
Milan,GL82U0K959IO679M,Goforth,71,Mireille,false,Vittima,Femminile
Venice,61090629K8TEVFFR,Fifield,31,Gibbie,true,Vittima,Femminile
Verona,K8510A5ILJMV946Y,Ridder,72,Ase,true,Criminale,Maschile
Rome,DR1XE9P4N1MT102P,Harpur,87,Trista,true,Criminale,Femminile
Venice,IY5UY26K02KN7564,Dunbabin,35,Ichabod,false,Criminale,Femminile
Rome,S3XYPT01123R4EMK,Jeannaud,51,Yoko,true,Criminale,Femminile
Florence,C6OYXT75D82AOX18,Silveston,26,Nadiya,true,Vittima,Maschile
Bologna,9ZI2QL15LW2A60B8,Vogt,55,Pyotr,false,Vittima,Femminile
Turin,1747002FPZ278RJJ,Lorrie,83,Sue,false,Criminale,Maschile
Verona,CI0P18ULE7CHE1R3,Smurfit,59,Gussie,false,Vittima,Maschile
Verona,XT0ANSLO9H99L4R9,Willbourne,72,Chloris,false,Criminale,Maschile
Genoa,E5G0DFAK3E9RLUTS,William,68,Neda,true,Criminale,Maschile
Florence,12Y7X14F6PXTB835,O'Corrin,24,Merrielle,false,Criminale,Maschile
Palermo,085VU60O55BY89F7,Cheney,16,Jeane,true,Vittima,Maschile
Palermo,VK424T6VN0Q64ZQH,Milkeham,38,Nancee,true,Criminale,Maschile
Genoa,61628Q9G68MELEKE,Esch,23,Ediva,true,Vittima,Maschile
Turin,F3B7KC14B7616UEO,Scammonden,79,Augustus,false,Vittima,Femminile
Naples,HFY8TJ1A6U727B5K,Eykel,73,Irv,true,Vittima,Femminile
Bologna,2E4U0GGR250Q429O,Gruby,74,Iormina,true,Criminale,Maschile
Genoa,ZXQ90K7U969O45GI,Ewart,33,Moishe,false,Criminale,Maschile
Florence,P1183XV42XQNJ6JR,Aberchirder,40,Catrina,false,Vittima,Maschile
Naples,ZR8HMI2787594M23,Gibbetts,78,Cele,true,Criminale,Femminile
Naples,55RE46TI01IJ00GK,Shimony,77,Harmonie,false,Criminale,Maschile
Venice,V79O5ZH740JCNHH6,Epilet,77,Karisa,false,Vittima,Maschile
Venice,1M744C82001Y7H65,Shelp,21,Tibold,false,Criminale,Femminile
Palermo,72M4Z6TBBEX890L8,Esp,67,Cordie,false,Criminale,Femminile
Turin,N33CQH1YFG014LM1,Longmate,67,Tresa,false,Vittima,Femminile
Turin,91R1J1F26WH1Z52W,Conti,65,Aimil,true,Criminale,Maschile
Bologna,92QOX9T9Y20PAHR9,Roussel,69,Randie,true,Criminale,Maschile
Palermo,GM93A06J637CS2R6,Baggarley,36,Chariot,false,Vittima,Femminile
Genoa,50NG2FN0Y9992ZP4,Busher,15,Rosaleen,false,Criminale,Maschile
Florence,PS852OTN40J84295,Gaddesby,84,Rozelle,false,Vittima,Maschile
Turin,2FXG5Z83FL768AA6,Crimp,89,Hunt,false,Vittima,Maschile
Milan,Z109LRZ67Q9S2MIJ,Scherme,20,Stormy,true,Vittima,Femminile
Verona,IAO98LRJHTZ43O35,Ivanitsa,23,Ralf,true,Vittima,Femminile
Milan,BY04J535UUX8HABA,Skillanders,36,Raymond,true,Criminale,Femminile
Turin,71DWG6H2CHLBT98Y,Melross,34,Natasha,false,Vittima,Maschile
Venice,QVQH71KF39979W7T,Farfoot,27,Bobbye,false,Vittima,Maschile
Rome,MRY2TJHL0H8IIRW7,McGarry,36,Gretchen,true,Vittima,Maschile
Verona,67255QJM2ESK405S,McLenahan,38,Brigida,false,Criminale,Femminile
Turin,9USJPO7QPJ1D20V5,Brambell,78,Lezlie,false,Criminale,Maschile
Genoa,MD46ZMIB648P2Q04,Sales,26,Ravi,true,Vittima,Femminile
Naples,06J3KG4666H408LR,Remnant,69,Darrelle,false,Criminale,Femminile
Milan,GCF5U0LS176P534T,O'Fihillie,76,Skelly,false,Criminale,Maschile
Turin,3L527C7I7Z334D88,Morston,39,Meara,false,Criminale,Femminile
Rome,UT17366HJHIE9EDM,Olivie,21,Terrye,false,Vittima,Femminile
Genoa,Y0PMMFJKF7394P6F,Castelin,65,Barbaraanne,true,Criminale,Maschile
Rome,3PU215U1KK42171A,Kemery,84,Lucius,true,Vittima,Femminile
Palermo,A9403TBWW50W6LTI,Farman,32,Kari,false,Criminale,Femminile
Florence,C56W836BC44992TY,Casel,16,Vicki,false,Criminale,Maschile
Verona,5YFKXAPRR934OH5Z,Laminman,73,Kellyann,false,Vittima,Maschile
Genoa,GR7N7HA60YZGUZL6,Duckerin,19,Evelyn,false,Criminale,Maschile
Bologna,033D998K329V9OX9,Ducarel,79,Rachael,true,Vittima,Femminile
Genoa,7C909Q410342C2EP,Moorman,65,Tonya,false,Vittima,Femminile
Venice,HZGCI70ZB46U02WH,Gaish,30,Lenore,true,Criminale,Maschile
Florence,Y11862AM081CIF5T,Venning,81,Tobiah,true,Criminale,Maschile
Verona,4861380P1P59RF3H,Hofton,87,Kirsteni,true,Criminale,Maschile
Verona,3548038CGUGVE8O2,Idle,34,Zarla,true,Criminale,Maschile
Milan,I021T1SJC2001XOC,Makinson,46,Daisey,false,Criminale,Maschile
Venice,LBWHP7CRZTZ7T28G,Thomasset,32,Noach,true,Vittima,Femminile
Rome,S3CSR5P00N165FF8,Ivanchikov,41,Karen,true,Criminale,Femminile
Verona,P178PGYU4XWW04SM,Genn,19,Sile,true,Vittima,Maschile
Venice,YY0M4KJWG601NQ9G,Blewis,81,Courtenay,false,Criminale,Femminile
Florence,681XLE74AOZKY154,Treuge,51,Concordia,false,Vittima,Maschile
Turin,4LS7UYUY3FKBBIT9,Skevington,68,Van,true,Criminale,Femminile
Genoa,7GY2859YH03PL8E1,Menchenton,22,Melamie,false,Criminale,Maschile
Bologna,6VS84OKUA0W3CCV0,McGlynn,80,Emmeline,true,Criminale,Maschile
Turin,50EF5B6MQ5J7N1DQ,Rheubottom,78,Brewer,true,Vittima,Femminile
Florence,24AOA88M53U2RN7H,Keniwell,84,Latisha,true,Vittima,Femminile
Genoa,62G549M0YKV1VV4Z,Bennen,18,Bentlee,true,Criminale,Femminile
Genoa,47CD398OT4SXORXC,Gietz,71,Aurora,true,Criminale,Femminile
Genoa,Z761Z18NH9Z4GMIW,Nock,57,Dorice,false,Vittima,Maschile
Genoa,G43F1IBLA85Q98Y1,Miliffe,76,Cori,true,Criminale,Maschile
Rome,A35R9KL9N5P9O27X,Roberds,63,Blinny,false,Criminale,Maschile
Turin,7WL4KOEH2L8BKIY9,Barrett,28,Bert,false,Criminale,Maschile
Genoa,T92E35A581A2QCKX,Wetherby,81,Idette,true,Vittima,Maschile
Rome,06354J38Z3ALDMB5,Paxton,88,Brade,false,Criminale,Femminile
Florence,339DG728V79BJEAE,Perree,60,Mellisent,true,Criminale,Femminile
Naples,IC87M976357Y6N76,Rebanks,78,Alyss,true,Criminale,Maschile
Bologna,L8A09ZU20VM7VVC5,Caldron,20,Diann,false,Vittima,Femminile
Florence,2US4DEG5Y1A77008,Howsan,59,Ileane,true,Vittima,Femminile
Rome,7131551BDY581720,Sheryn,82,Jenni,false,Vittima,Femminile
Milan,33J77441351GG50E,Greve,47,Tyson,false,Criminale,Femminile
Genoa,U99DEW58V1MMGH1B,Frangleton,67,Kelila,false,Criminale,Maschile
Genoa,89EVHVVPJ6VT6L65,Nattriss,82,Audrye,false,Vittima,Maschile
Naples,Y39OT8WVY4E8KE2R,Looker,34,Chaim,true,Vittima,Maschile
Rome,7C1932LH5CDZDMQ5,Malamore,57,Dukey,true,Criminale,Maschile
Venice,YE5GX6MC7GCUN58I,Pasterfield,83,Delila,true,Vittima,Maschile
Rome,AZ7Z4C02T897G5Y8,Christoffe,26,Kamila,true,Vittima,Maschile
Florence,6R686637L312683Y,Fishburn,39,Bernete,true,Vittima,Femminile
Verona,34834U25313647TU,Heisham,14,Hieronymus,false,Criminale,Femminile
Turin,2F7F7078AMAFN9AU,Anglim,53,Claretta,false,Vittima,Maschile
Florence,5BK29841WEWPLLME,Dungee,47,Isidro,true,Criminale,Maschile
Florence,K15N0FW57JSEBNQF,Degoey,32,Reade,false,Vittima,Femminile
Verona,X2X353IAAI5XCC76,McClements,83,Barret,true,Vittima,Femminile
Rome,62X2P5QG21VR0X5K,Milella,16,Jake,true,Vittima,Femminile
Verona,V1A0K1WX2D1GX994,Faulo,73,Boot,true,Criminale,Maschile
Turin,4WVLO2HG73226UCU,Morrid,58,Vivyan,true,Criminale,Maschile
Rome,C3Y2W2URQGZ53S8R,Mattiacci,27,Kenyon,true,Criminale,Femminile
Milan,F278F21SFDUP935Q,Lambard,27,Isidor,true,Vittima,Maschile
Verona,SX0X5N4GLR0Q4VGU,Delacote,28,Orelee,true,Criminale,Femminile
Rome,7W9LQ9114XB4W3C5,Levane,89,Flossy,true,Criminale,Maschile
Palermo,18I2Y5DMAY55VNAL,Kenealy,38,Moise,true,Vittima,Femminile
Florence,2Q8W538E6DOTYVF6,Skehan,35,Elissa,true,Vittima,Maschile
Naples,9W8E9575GA64DG02,Vinsen,25,Romain,true,Vittima,Femminile
Rome,RX35591U73Q6NVQE,Gumly,39,Dolly,false,Criminale,Maschile
Genoa,186RQH39OH446QCM,Vannoni,15,Sondra,true,Vittima,Maschile
Genoa,D9L3163TVX88IYWR,Nuschke,60,Tiphanie,true,Criminale,Maschile
Genoa,97S0G69AKQAMT4OZ,Iannini,60,Georgeta,false,Criminale,Femminile
Milan,011SIYYQ1D87HTN2,Curme,62,Ancell,false,Vittima,Femminile
Turin,MQ243P8J6LZXG6UZ,Follacaro,72,Osbourn,false,Criminale,Maschile
Venice,VW05443H133YQF7S,Geyton,81,Halli,false,Criminale,Femminile
Naples,2JOQPK853R673PG1,Kewzick,83,Caroline,true,Criminale,Femminile
Genoa,68LA03W3DQ6T1976,Andraud,59,Deanna,true,Vittima,Maschile
Bologna,DTB275D2364V0YB1,Illston,54,Rahel,true,Criminale,Maschile
Milan,C02A5P8H3QBHT77O,MacTerlagh,71,Keelia,false,Criminale,Maschile
Milan,PVX72XT904SNLFOX,Nott,32,Brant,true,Vittima,Maschile
Genoa,E67O0W65U4Q66J24,Foxten,76,Gina,false,Vittima,Femminile
Turin,QR9U6WV38EE1881S,Pollins,31,Bambi,true,Criminale,Maschile
Bologna,2L184XP9V924SD8F,Maskew,47,Gavra,false,Criminale,Femminile
Florence,5P086Y6U3O3SC370,Grimstead,30,Claiborn,true,Criminale,Femminile
Florence,E305O6XH7JJ5G99E,Tilney,57,Laurianne,false,Vittima,Maschile
Florence,VQ1J6Y01X4C62UF6,Coulman,48,Prentiss,true,Criminale,Femminile
Bologna,J25456O5V734I9XX,Rozsa,63,Clayborn,true,Vittima,Femminile
Florence,5UZRZ4M04G4G1H1O,Krale,15,Anallese,false,Vittima,Maschile
Rome,6559F0L636168V6A,Blumire,87,Tripp,false,Vittima,Maschile
Venice,CP0Y6MUCCYJ7FW7Y,Emer,64,Sonny,true,Criminale,Maschile
Genoa,HW3C44I1D3X647MX,MacKall,40,Flo,true,Vittima,Maschile
Rome,964OS9AW998RTYM6,Trood,73,Deborah,false,Vittima,Maschile
Milan,E6B6V170EZ513XJ3,Langan,15,Emmery,true,Criminale,Maschile
Genoa,D2681Q56RHM7VWG1,Ketton,53,Kyle,false,Criminale,Maschile
Verona,VPBRGBC881768S55,McGroarty,48,Malissia,false,Vittima,Femminile
Verona,4S1F0O28OM21KB1D,Lehr,63,Alyosha,false,Vittima,Femminile
Verona,E1K68M35G218646V,Conn,21,Sibyl,false,Criminale,Femminile
Venice,7V68XH7YK6GO5S35,Allchorn,15,Baily,false,Vittima,Femminile
Naples,41EO2B6S35T4GZHD,Corwin,80,Worth,true,Vittima,Femminile
Venice,V30GEY58KFL4H6J5,Simioni,58,Tracie,false,Criminale,Femminile
Naples,1R9M3MCD56B7GQE2,Mattia,47,Chaddie,true,Vittima,Maschile
Rome,BD46KAJ6Q1225SGT,Thys,53,Rutter,true,Criminale,Femminile
Venice,9LR50612HV4L9TI7,Pinner,33,Noelani,true,Criminale,Maschile
Bologna,1Z6W20U47QV9B1J7,Bowdrey,17,Toma,true,Vittima,Femminile
Florence,P4X0TLF7TNB4QPJ1,Theml,74,Flor,true,Vittima,Femminile
Rome,X1N8MWY0N1F42188,Leslie,43,Chrissie,true,Vittima,Femminile
Turin,3SX58ST64J6H2A73,Haycraft,59,Donn,true,Criminale,Maschile
Palermo,WGJO2060I0RA3I27,McElhinney,14,Perrine,false,Criminale,Maschile
Venice,354EN8B3980KL929,Jeandel,82,Iolande,false,Criminale,Maschile
Verona,0X03X7Z21T822543,Wilkerson,84,Doy,true,Vittima,Maschile
Milan,20910P4TZJ36B01A,Silverthorne,86,Ame,false,Criminale,Femminile
Bologna,33ZC55V4H2339975,Tettersell,67,Jayme,false,Vittima,Femminile
Florence,NI8WG9V6W96D621O,Varden,35,Stearn,false,Vittima,Maschile
Verona,78UH54A18SE1E05Z,Cahalin,24,Iolanthe,true,Criminale,Maschile
Genoa,HJQG7BMQ8DCI0046,Larkworthy,90,May,false,Criminale,Maschile
Turin,8TCCJYBQ3G7Z4OR3,Rebichon,36,Bidget,true,Vittima,Femminile
Milan,JG023PB4V7HH6772,Darbon,34,Herve,true,Criminale,Femminile
Rome,BKC6Q9YH1QQ5S89L,Orange,47,Libbi,false,Vittima,Femminile
Florence,6GXEO9BB98928MH7,Glynn,84,Guendolen,false,Vittima,Maschile
Naples,9BWWU84JYK660217,Davy,58,Steve,true,Criminale,Maschile
Venice,Y14N8OH89H04389M,Balmann,31,Neddie,false,Vittima,Maschile
Turin,2AC263023XKN9JZ8,Reaveley,14,Lonni,true,Vittima,Femminile
Verona,QSQXLD7H3BXBG8Q8,Wabe,46,Anthea,false,Criminale,Maschile
Venice,P7M851115ACWX2LG,Cameron,89,Dyan,true,Vittima,Femminile
Turin,304FGINXM19X9V5I,Barnwell,72,Fara,true,Criminale,Femminile
Palermo,05WTJ720270KB195,Skerm,21,Cal,false,Vittima,Femminile
Palermo,G2058W3827BX5P60,De Laspee,71,Ariela,true,Criminale,Maschile
Venice,9Q0607U27577STZB,Archer,38,Leilah,false,Criminale,Maschile
Genoa,02RDIT6XXL03I0Q3,Pickavant,72,Amabel,true,Criminale,Femminile
Milan,7MA5T2K9386C73P7,Nicklin,49,Jeramey,true,Criminale,Maschile
Bologna,S9YBK5642TRZTB5G,Sodeau,34,Conrado,true,Criminale,Femminile
Genoa,U6Q0602Y163PZ6TD,Temlett,80,Elianora,true,Criminale,Femminile
Florence,427M8P6L8R363IYX,Sedgemore,44,Lorenza,false,Vittima,Maschile
Palermo,WOM1JJSXFL2O8G8A,Hunt,73,Katharyn,true,Vittima,Maschile
Verona,Q9F8WWI8CX8D0C52,Tivers,62,Katusha,false,Vittima,Maschile
Bologna,H1MO52XQ5TUR1S56,Dulieu,30,Lorry,true,Vittima,Maschile
Genoa,791F6E6U611E7216,Blunderfield,17,Isa,false,Criminale,Maschile
Verona,IXB2851K2X2F84ZB,Cawse,51,Micheline,false,Vittima,Femminile
Palermo,LK3HHGZZWK6Q1H1O,Fairfoul,70,Jacquenetta,true,Criminale,Femminile
Bologna,9UP816G5DI60U9DG,Haker,73,Penny,false,Criminale,Femminile
Florence,15794A46DGIV4YL7,Mozzini,76,Rodd,true,Vittima,Femminile
Genoa,4G6691L759FII7WS,Cockram,25,Mill,false,Criminale,Maschile
Florence,Q565572SI48H6X6I,Dobbinson,39,Diann,false,Criminale,Maschile
Bologna,3XJ33NS9M1MJ5NU1,McIlwrath,54,Theodore,false,Criminale,Femminile
Bologna,3OV9I3OR0P23BZ1U,Rosnau,37,Birgit,false,Vittima,Femminile
Venice,DCW7C4R0408H4706,Dunster,33,Christyna,false,Criminale,Femminile
Verona,694A4K63E14ED795,Henriksson,89,Keslie,false,Criminale,Femminile
Turin,QXOH8N7B5823K81U,Nagle,58,Odella,false,Criminale,Femminile
Naples,8C9EPUW0NY0V11JU,Pattullo,71,Winona,true,Criminale,Maschile
Milan,8U2K6HQ5BXPR889I,Field,48,Gay,false,Criminale,Maschile
Venice,Z538923TF1QA46YH,Remnant,64,Cherice,true,Criminale,Maschile
Florence,2IPC37V35TZ2IIF0,Perelli,24,Vassily,true,Criminale,Maschile
Verona,J9FPCM3BH76635FF,Slorance,84,Jammal,true,Vittima,Femminile
Rome,ERQQ3V2DDZ9E64KY,Simakov,38,Florida,false,Criminale,Femminile
Florence,743E40N7T5I90JR1,Diddams,35,Gabie,true,Criminale,Maschile
Bologna,M41IT759C64G7D2I,Hodinton,19,Eustace,false,Vittima,Femminile
Genoa,0G243D3GJW454H99,Scullard,24,Avrom,true,Vittima,Maschile
Naples,VK573577WHU977WE,Hannond,61,Lillis,false,Vittima,Maschile
Palermo,TMN349H6J1FYYJQ8,Girault,48,Rolfe,true,Criminale,Maschile
Rome,6DIW6I1Q0C0UAGD8,Chapell,20,Gianina,true,Vittima,Femminile
Bologna,B3RY1U29AVVMENJ4,Bambrugh,16,Elenore,true,Criminale,Maschile
Verona,08BX024LYW647917,Sparkwill,22,Rodi,true,Criminale,Femminile
Florence,U96UUT54523G3222,Grunnell,38,Gert,false,Criminale,Maschile
Palermo,49E37317VM8N88K8,Cargill,37,Ruthi,true,Criminale,Maschile
Genoa,6Q90BASJTJV19ELK,Giraudou,25,Maryl,false,Criminale,Femminile
Genoa,OY4725DUIP3I448Z,Agneau,59,Gannie,false,Vittima,Maschile
Rome,4R1D6EFBOUZ4BF2P,Andor,26,Gavrielle,false,Vittima,Femminile
Florence,9P06ZB26274GBLOE,Cockerell,22,Dorris,false,Vittima,Maschile
Genoa,VHXLU66B844P4RYU,Gaspard,80,Herculie,false,Criminale,Femminile
Venice,2G8Q736270M1708J,Stains,23,Amerigo,true,Vittima,Femminile
Venice,5Q1GA19B78OKHD22,McCreary,31,Bone,false,Criminale,Maschile
Palermo,M6232707837ECO0M,Pinckney,77,Clare,true,Criminale,Femminile
Turin,X58WT99AURTFVO44,Veck,56,Lambert,true,Criminale,Femminile
Milan,TT04REU8RHC0A572,Agutter,49,Virginia,true,Vittima,Maschile
Milan,6177FE3S3VCQ14D7,Dewdney,76,Bekki,false,Vittima,Femminile
Florence,282302749820IN8F,Holdey,45,Louie,true,Criminale,Maschile
Bologna,53FF961O2WEC1R6Y,Mc Carroll,35,Tyler,true,Criminale,Maschile
Rome,Q5437Z0K56I99N52,Gavrielly,78,Orelia,true,Vittima,Maschile
Venice,IYREO1XX4Z13UJ0C,Walewski,38,Aurilia,true,Vittima,Femminile
Florence,T858C7X9C503BW1X,Ambridge,66,Lorna,true,Criminale,Maschile
Bologna,626I80DN80U135DQ,Wanklyn,44,Grete,true,Vittima,Maschile
Venice,663363I58HYU9X38,Rodenborch,17,Blake,true,Vittima,Maschile
Milan,7V8681BOG26PQA4A,Dickerson,44,Jere,false,Vittima,Femminile
Florence,1BG248603WTTIQPZ,Danielsohn,45,Claudine,false,Vittima,Maschile
Naples,GXG48R8CEGF177A7,Vasilechko,58,Nissa,true,Criminale,Maschile
Palermo,TLA44Z9DNS87PM68,Ghidini,69,Joelynn,false,Vittima,Maschile
Genoa,7S61UM92AV70ZV8Q,Waterland,51,Kellina,false,Vittima,Maschile
Florence,3EE5Q0FJ89MS30XY,Pawfoot,69,Welbie,true,Criminale,Femminile
Venice,C429U55XM4Z6D998,Eplate,67,Siegfried,false,Criminale,Femminile
Bologna,BR71M0W03Y3TOL3T,Allwell,58,Uriel,false,Vittima,Femminile
Turin,8YBANPA0M54ZTCLR,Dawidowsky,47,Horatius,false,Vittima,Maschile
Naples,91J41HD37F75I495,Byrd,87,Hugh,true,Criminale,Maschile
Palermo,85V85410AOJ021TY,Watford,24,Sibylla,true,Vittima,Femminile
Naples,IUW9NWWD642M094T,Georgievski,46,Thedrick,false,Vittima,Maschile
Venice,RIAPK9R926142M26,Boot,29,Curry,true,Criminale,Maschile
Rome,TWZ18OQO8IS16MYS,Seager,56,Lazaro,true,Vittima,Femminile
Palermo,N6657UKR53160614,Grassick,88,Chantal,false,Criminale,Maschile
Florence,76N70Q4596X00TJQ,Sharphouse,77,Mace,false,Criminale,Maschile
Rome,H023116E6C1RZVGY,Merrill,63,Fonz,false,Vittima,Femminile
Naples,1T4ZW24QG279R91P,Jacquot,85,Henrieta,false,Vittima,Femminile
Milan,B5MM62I931R087TD,Anten,71,Glen,false,Criminale,Maschile
Bologna,078762JLQ7VW698W,Crolla,27,Pammy,false,Vittima,Maschile
Rome,B0FX7F7H0J6R6244,Andrysiak,21,Noah,false,Vittima,Femminile
Genoa,W98F898M6GI35GXJ,Greschke,70,Faustina,false,Criminale,Femminile
Genoa,IF2VAE1W52XJDKWK,Brayne,28,Maggie,true,Vittima,Maschile
Venice,YVM1O3G6X4MLV28E,Marquot,89,Travers,false,Vittima,Maschile
Turin,988PNLG312LBFT48,Fincham,22,Rosette,false,Criminale,Maschile
Florence,55W9S49430WC5QD1,Gamble,27,Kenny,true,Criminale,Maschile
Rome,9C2B5GA07HY2TD99,Eddolls,69,Cordelie,true,Criminale,Femminile
Genoa,9440JZGUGJX999K4,Jordeson,14,Johanna,false,Vittima,Femminile
Bologna,920E8LCM1C3438P8,Wadhams,87,Gwennie,true,Criminale,Maschile
Palermo,59M234VDPL8S46H5,Roarty,49,Marve,true,Criminale,Femminile
Bologna,0DTZA08X04F139JN,Waltering,70,Windham,true,Criminale,Maschile
Turin,B64T8D765H17FH0J,Hearst,86,Winnie,false,Vittima,Femminile
Bologna,0I2Q9Q786BSGTZ6A,Izachik,38,Abagael,true,Vittima,Femminile
Rome,M3466KR210C857F3,Cardon,65,Carson,false,Vittima,Maschile
Milan,0V9FCUJ6LI7NAQJ4,Sharper,77,Kyle,true,Criminale,Femminile
Milan,6S8OP1AUS99G6VLK,Cranney,55,Gladys,false,Criminale,Maschile
Palermo,M84CMCU47E7VKGT1,Vedenyapin,34,Cinderella,true,Vittima,Maschile
Florence,MS55A738HU720M9Y,Gudd,79,Doretta,false,Criminale,Maschile
Bologna,TS1TA2JM6K8D532N,Bumpas,90,Ximenes,false,Vittima,Femminile
Rome,2712P1WDAWO9TNDG,Leggin,64,Clint,false,Vittima,Maschile
Naples,86226QINPC07Q723,Tollady,57,Gayle,false,Vittima,Maschile
Florence,C0YALS3A63EL785C,Ruprecht,52,Brew,false,Criminale,Femminile
Naples,0UNM2HTG7FDKHOQ2,Dymidowski,16,Nathan,true,Criminale,Maschile
Verona,4F9G9925KQ201H68,Fairlie,43,Duff,true,Criminale,Femminile
Rome,WDEXZ8O6NJTY02HC,Gonnel,71,Veradis,true,Criminale,Femminile
Genoa,870J6B86CRBC31N6,Soltan,49,Valera,false,Vittima,Maschile
Genoa,7951SO2ASPREN503,Dick,68,Rycca,true,Criminale,Maschile
Turin,AOJBC7F66V35817G,Rooms,82,Uriah,false,Vittima,Maschile
Palermo,CR5IY57C8KDQJS56,Pardew,42,Janie,true,Vittima,Maschile
Verona,5AZR1E4ED2I8P82G,Fluit,28,Westleigh,true,Criminale,Maschile
Genoa,64M4S52MLI9EY870,Hazelden,19,Naomi,true,Vittima,Maschile
Palermo,NU2VYCP398598QZ9,Speeks,81,Debi,true,Vittima,Maschile
Turin,W5YK88U0S8QY4OPD,Haffner,19,Gustave,true,Criminale,Femminile
Turin,MPDP5889E21C8IC1,Maddern,90,Hale,true,Vittima,Maschile
Palermo,97Z2L0R7Q6J4Z5XC,Kidstoun,50,Collete,true,Criminale,Maschile
Rome,9KN82YYK8376XBXO,Whitnell,41,Carter,false,Criminale,Femminile
Naples,2300WP58707OS62W,Ellison,62,Avery,false,Criminale,Maschile
Venice,U8DWI148Q4557MX7,Chasmer,21,Silvain,true,Vittima,Maschile
Palermo,GIBKJMMWD84V2KQ0,Oxton,72,Inga,true,Vittima,Femminile
Rome,B84I2HD6I8G8ZT19,Pigney,51,Richie,true,Vittima,Femminile
Rome,A340YIL4CLF9F3KT,Audsley,57,Borden,false,Criminale,Femminile
Milan,93J088EV2V24I38Z,Parkin,22,Janis,false,Vittima,Femminile
Turin,VL7WX0KDIH4A3895,Clutten,67,Dulsea,false,Vittima,Femminile
Turin,S3ABW3JF4WJY01AV,Overshott,20,Seamus,false,Vittima,Femminile
Venice,7I1T7ZGIU3BT6X81,Jess,23,Saunder,true,Criminale,Maschile
Bologna,1GPVK302FYK19TYK,Havile,58,Maxi,true,Vittima,Maschile
Turin,E53KQQSL33HOXD1T,Woolrich,35,Noland,true,Criminale,Maschile
Venice,W00B63D8PRYXP7Y6,Vasser,55,Edin,false,Criminale,Femminile
Palermo,P18PHMJYQQIE622P,Wallbrook,34,Ambur,true,Criminale,Maschile
Turin,28F1AOCQ926383RY,Lohan,36,Bil,false,Criminale,Femminile
Milan,77IV2A9N244RAKBV,Piolli,75,Frieda,false,Vittima,Maschile
Venice,70T8KV5G8DP0A0WO,Hearson,82,Johannah,true,Criminale,Femminile
Venice,FMY8521ESR0J76GO,Waldrum,88,Tonie,false,Criminale,Femminile
Rome,W8B17NX1B12T2SS2,Lelliott,66,Carrie,false,Criminale,Maschile
Genoa,02D4AHN98KJ3DF74,Merrywether,39,Mathilda,true,Criminale,Femminile
Milan,TRGT8VG07EJJM2B3,Waterstone,51,Preston,true,Criminale,Femminile
Milan,D9F8B1A105K5DP43,Bavester,30,Skylar,true,Criminale,Femminile
Palermo,LU1C8I5FEI6NB29F,Tanton,21,Fanchette,false,Vittima,Maschile
Genoa,K431PU15580D8083,Sager,61,Justus,false,Vittima,Maschile
Bologna,P8S2Y0G7PF29497W,Rowett,82,Tris,true,Vittima,Maschile
Genoa,S2Q927C6G1XM84LI,Hounsom,23,Editha,false,Criminale,Femminile
Bologna,081KI0BWGQ73UN0P,McCosh,29,Georgetta,false,Criminale,Maschile
Milan,B99S0JR78021Q801,Klimkovich,88,Crissie,false,Vittima,Maschile
Bologna,6A0QV2ZVKA757097,Jaeggi,60,Brenna,true,Vittima,Maschile
Turin,5Z858SUJWZGN0MXD,Wahner,16,Moshe,true,Vittima,Maschile
Bologna,07B61C9G9GP489TL,Sparkes,44,Pancho,false,Criminale,Maschile
Naples,HX538L9H7YUH34C2,D'Ambrosio,15,Rene,true,Vittima,Femminile
Genoa,W528S313XX4YH469,Dellenbach,38,Saloma,false,Vittima,Maschile
Florence,X6L8L9BP49BWP5I6,Dedman,41,Gabriellia,true,Vittima,Femminile
Naples,121344NETK5XYI54,Pighills,75,Hilde,false,Vittima,Maschile
Milan,PSX710J7J647987U,McAndrew,72,Mia,true,Vittima,Femminile
Milan,Q95I1XQ8MS79404D,Oates,74,York,false,Vittima,Femminile
Florence,DH6STBNL45KB60DG,Issacof,83,Cass,true,Criminale,Femminile
Rome,W0F2U4FO7C198NN1,Smurthwaite,86,Lenore,false,Criminale,Maschile
Turin,2EL2ST70T40T0KKH,Gerber,62,Gertrude,false,Criminale,Maschile
Palermo,238ZXT8042Q3C3V1,Gerrill,55,Karlotta,true,Vittima,Maschile
Rome,AGU95433ZLT8657C,Osment,41,Tadio,true,Criminale,Femminile
Milan,X6D41FO3G2K84QPW,Rowantree,79,Renate,false,Vittima,Maschile
Venice,2N3X8EHIW332G1DW,Grayling,56,Deane,true,Criminale,Maschile
Palermo,93MC1SS4ZIX798BF,Thatcham,85,Terry,true,Criminale,Maschile
Bologna,680VJZA7JO9MX5D2,Phateplace,86,Venus,false,Vittima,Maschile
Turin,9Z10WZF7FO67EDQ0,Dixey,73,Rickard,true,Vittima,Femminile
Naples,1N4496401309802C,Franzman,82,Gardener,false,Vittima,Maschile
Bologna,T71U10Y7DRF87L40,Husselbee,49,Huntington,false,Criminale,Femminile
Milan,327M67DXHI77SUEV,Bruggen,61,Shandie,true,Criminale,Femminile
Palermo,2K39957IZ7ZK3J1F,Duell,24,Ursa,false,Criminale,Femminile
Venice,86YBIH769S1B3779,Aldwick,51,Constanta,false,Criminale,Maschile
Turin,CFA939R639GP99A4,McHan,26,Vassily,false,Criminale,Femminile
Florence,P3IWWU889B34W95Q,Luetchford,81,Walden,false,Criminale,Femminile
Milan,8NK19S02Z8PX4V0S,Hackforth,38,Rhea,true,Criminale,Femminile
Bologna,7EO4SQ2U40115NP7,Kielt,25,Erminie,true,Criminale,Femminile
Verona,NQQ5SS3Q4X476T3E,Whimp,55,Salaidh,false,Vittima,Maschile
Bologna,N637C0FPJO899X76,Dawber,21,Marcelle,true,Vittima,Femminile
Milan,XKMTEX87GMWI91HC,Cisco,75,Eve,false,Criminale,Maschile
Verona,4F0Q067XA8CX1HL7,Benedick,58,Putnam,false,Vittima,Maschile
Turin,6U07008U5464XU92,Bethel,41,Emilio,true,Criminale,Maschile
Florence,AUEW1DTC70Z7JSHM,Blakeborough,43,Morgan,false,Vittima,Maschile
Bologna,J4327GT3WJ50W4RS,Whye,58,Dasya,true,Vittima,Maschile
Naples,5HZJ3XP13QQ01395,Bryce,23,Noah,false,Vittima,Femminile
Verona,9L305UWXC3XT7J9D,Grishagin,21,Leonard,false,Criminale,Maschile
Verona,O473TH3L78KX0K0Y,McGeachey,26,Jayme,true,Criminale,Femminile
Verona,RHRZKT260HY572Z9,Domerq,88,Torrance,true,Criminale,Maschile
Bologna,Z24K4QHX2H50DZG3,Bothams,28,Silvanus,true,Vittima,Femminile
Milan,73P017C93I3Y52CH,Morit,64,Merrill,true,Vittima,Femminile
Florence,R7PUDH0M43HA13A8,Tink,34,Loutitia,true,Vittima,Femminile
Palermo,53F2OFHZTM75I266,Brand,71,Nessi,true,Vittima,Maschile
Florence,KY921DH92V81KF0D,Docket,34,Evan,false,Vittima,Femminile
Bologna,T48G6O7Q7IG766DT,McKinney,42,Marline,false,Vittima,Maschile
Turin,5ZC39913GZUF9145,O'Hannay,51,Tudor,false,Vittima,Maschile
Turin,9QJ661795Y19YUDZ,Amesbury,33,Ashly,false,Criminale,Femminile
Naples,32J50K0ZDM70H0Y8,Bortolotti,79,Nelly,true,Vittima,Femminile
Milan,MTU5A1G36BWD444J,Clute,26,Codie,true,Vittima,Maschile
Rome,M6X0U95XRVCY61V4,O'Downe,43,Louie,true,Vittima,Femminile
Florence,036RU5VZ7BF2F0ZE,Sedgebeer,41,Far,false,Criminale,Femminile
Verona,GOFL92E772337332,Stuehmeyer,26,Marnie,true,Criminale,Maschile
Venice,0UH5U2V2RV9U1Q7N,Arrell,49,Eadmund,true,Criminale,Maschile
Palermo,5Z8930O96B4ZT5S6,Methven,17,Fredrika,true,Vittima,Femminile
Milan,ZDKP2PZVCCMQS0Q9,Meade,72,Tildy,false,Criminale,Maschile
Florence,412EBP52330E25Q0,Berkeley,56,Mirilla,true,Vittima,Femminile
Florence,98AE4ZUD024VR360,Syce,67,Sean,true,Criminale,Maschile
Genoa,PGPRG148MZ11629Q,Joselevitch,15,Leone,false,Criminale,Maschile
Florence,11B07XJ45LQNTHY2,Fellows,64,Celinda,true,Criminale,Femminile
Turin,M58V54E87X4N79SY,Reynalds,90,Allina,false,Criminale,Maschile
Bologna,9830O3598G7BYW02,Mongin,47,Antonin,true,Vittima,Femminile
Bologna,3W9887W1JO9X616O,MacNair,35,Leisha,true,Vittima,Femminile
Verona,V7H5QFIJA50O40B0,Raffan,37,Cort,true,Vittima,Femminile
Verona,L76710T26KYLQ52X,Keets,47,Betteanne,false,Vittima,Femminile
Genoa,V7E5Z7154B299036,Febvre,72,Magnum,false,Vittima,Maschile
Palermo,V7S1XH3Z0DFF817H,Cowgill,58,Eydie,true,Vittima,Maschile
Verona,AGA72L85H8821V90,Katzmann,69,Dee,true,Vittima,Femminile
Palermo,1718LX381FEZJ129,Keiling,15,Jo ann,false,Vittima,Femminile
Naples,L3D62J69DL4MN845,Alenikov,14,Ariela,false,Vittima,Maschile
Verona,8RH4CQCBR0I8WVDR,McOwen,63,Sonny,false,Vittima,Maschile
Milan,QQWU03FU301N5L21,Greenmon,75,Ignatius,true,Vittima,Femminile
Bologna,DBW1G86MBB8E6783,Rubinsztein,80,Courtney,false,Criminale,Maschile
Turin,6P9A2X3T0ISF4RY5,Megarry,35,Jeremiah,true,Vittima,Maschile
Naples,2ZLN29Y857NM77CQ,Learman,66,Mortie,true,Vittima,Femminile
Rome,O34AL4J6EOQGE96B,Akitt,53,Gwen,true,Criminale,Femminile
Naples,693C6NC7GAE2F039,Dreelan,26,Dilly,true,Criminale,Maschile
Naples,I0F483CRF835TQN9,Forge,72,Lowe,false,Vittima,Femminile
Naples,8SOXN5NOAXCW9WDF,Sobey,80,Inglis,true,Vittima,Femminile
Verona,7X7J0H7C14LJ5J7I,Goodband,86,Tiler,true,Vittima,Maschile
Turin,50G9X29333A2T5Y5,Souley,60,Deirdre,false,Criminale,Maschile
Rome,T0L7I5XV06WY5AAS,Garfit,14,Torrey,true,Vittima,Femminile
Bologna,W33L20J4P5P5KR51,Scoles,83,Sloane,true,Vittima,Femminile
Verona,29391547AB60M355,Drought,39,Mike,false,Criminale,Maschile
Venice,NZI518PA7Z9E1R10,Murdie,35,Erinn,false,Vittima,Femminile
Genoa,5112EDNK165062EF,Richin,18,Pammi,true,Vittima,Maschile
Florence,9KMAONH3MYM9C903,Tutt,62,Jobyna,false,Criminale,Femminile
Milan,GD00S310Y8T0X590,MacDunleavy,74,Caron,true,Vittima,Maschile
Rome,DCW36E550CLB05JR,Garfoot,86,Hagan,true,Vittima,Femminile
Venice,KCH464H21EDG0YBI,Pegrum,37,Shawnee,false,Vittima,Maschile
Turin,03EV52AR051CEDOB,Ashment,16,Aundrea,false,Vittima,Femminile
Verona,51XAV4S60082LQ38,MacParlan,19,Steffie,false,Vittima,Femminile
Bologna,66M4J88094OV2R96,Ferreira,30,Claire,false,Vittima,Maschile
Palermo,86CZ8PGWL1MSH8QO,Rowthorn,14,Juliet,true,Criminale,Femminile
Florence,ZX0JASME7LJ8AS7B,Haysar,87,Hayley,true,Criminale,Maschile
Turin,96YK7D7H42C544W2,Coaster,37,Mark,true,Vittima,Maschile
Palermo,DI010U1U62C44BYU,Tomasello,33,Harmonie,false,Criminale,Femminile
Palermo,0E825BZ3JXY45359,Ruddin,81,Linette,true,Vittima,Femminile
Genoa,BR56ZR8YV983AH15,Sayton,63,Iormina,false,Vittima,Maschile
Rome,IG10ZN3H9QB5V2AV,Lockhurst,82,Christye,false,Criminale,Maschile
Naples,4B449UMMV36Z264G,Scandrite,26,Mollee,true,Criminale,Femminile
Bologna,JIO6EPU97B8051X3,Anthoin,50,Luther,false,Criminale,Maschile
Venice,7TITHX058GGU351J,Church,67,Joelle,true,Vittima,Maschile
Palermo,9MJ467OVR0733Y96,Antognazzi,40,Lynea,false,Criminale,Maschile
Palermo,RC6YKY0648S4418E,Ladds,59,Imogene,true,Vittima,Femminile
Florence,47L70060RKXNUAOQ,Youdell,56,Teodoor,true,Vittima,Femminile
Palermo,1H77YQ0U5GM3U36L,Massel,52,Casar,true,Vittima,Femminile
Florence,JJ92K28M77F9VD29,Starkie,89,Serene,true,Vittima,Maschile
Milan,RD43W1S112T7G38D,Quogan,89,Valentia,false,Vittima,Femminile
Turin,LF2D27O830ZL1941,Pettegre,19,Mitchael,true,Criminale,Femminile
Verona,NFOC39MKZL500I56,Provis,30,Garwood,false,Criminale,Maschile
Genoa,M45I1360741HU67K,Bartholomieu,38,Joni,false,Vittima,Femminile
Venice,85YTSHK1J6NGI04C,Kernar,80,Gayle,true,Vittima,Maschile
Naples,RTB797711GCG9Q26,Rugge,44,Alley,true,Vittima,Maschile
Rome,76R5N496R3190FW8,Bettley,25,Wilie,false,Vittima,Maschile
Florence,13YP92HBMB7Q4VWS,Pretor,23,Aurthur,false,Criminale,Maschile
Genoa,7AVSB96HQK8TN2RR,Castellanos,31,Arnie,false,Criminale,Maschile
Verona,VRC324RC8176674P,Haines,60,Fitzgerald,true,Criminale,Femminile
Rome,5J13FF88BWDR7W6P,Garnam,48,Stacey,false,Vittima,Maschile
Venice,K69IHLW1AS32BNFC,Donnachie,56,Clare,true,Criminale,Femminile
Palermo,18FP8P12YM9U8LX6,Pattisson,64,Alverta,false,Vittima,Femminile
Genoa,2L2D979ISL19HDBC,Phaup,39,Selma,false,Vittima,Maschile
Florence,01N984QJT21Y40Z9,Degoey,21,Romain,true,Vittima,Femminile
Naples,M16UJC95BSM0USA9,Newson,80,Ebenezer,false,Vittima,Femminile
Verona,H9MS41ENEIN569O6,Swafford,56,Samara,true,Vittima,Maschile
Rome,H2G72KY19P2Y50DQ,Pigdon,29,Danella,true,Criminale,Femminile
Florence,SA7MC43IXF48E27A,Rist,14,Aloysia,false,Vittima,Maschile
Milan,BV34X93R66F332FN,Troughton,90,Jeane,true,Vittima,Femminile
Venice,23RM50XCL19023EE,Bowkett,75,Nappy,false,Criminale,Maschile
Bologna,O41P92YH2ZALDRXV,Getten,32,Edee,false,Criminale,Femminile
Venice,QZ34FW2RGQ12BT6H,Burgett,39,Grazia,true,Criminale,Maschile
Florence,LT8YX042OC41INT8,Marven,53,Lorianne,false,Vittima,Maschile
Bologna,YMMYJRI3E487402K,Chicotti,30,Lucina,true,Criminale,Femminile
Rome,5VE69QWHSPZK11Y9,Commins,30,Heddie,false,Criminale,Maschile
Genoa,H89VY23NE5JTRZE8,Edgeley,64,Aaron,true,Vittima,Maschile
Rome,631LQJ1P356PYN16,Stirman,27,Cosetta,false,Criminale,Maschile
Naples,9267J36U8VQ75NNM,Kacheler,36,Roi,false,Vittima,Femminile
Palermo,E84070LT952A346Y,Kubicki,46,Gordy,false,Criminale,Maschile
Naples,1B152E07I78111J7,Ranner,45,Brittaney,true,Vittima,Femminile
Bologna,OY23494P976KAU15,Nelthorpe,36,Spense,false,Vittima,Femminile
Genoa,09F4187OE9M5CBZ8,Drinkwater,63,Kynthia,false,Vittima,Femminile
Turin,N004H4G70PBP3R8Y,Swatheridge,49,Hewett,true,Vittima,Femminile
Genoa,97D76B7A5OKO396Z,Kemsley,20,Crissy,false,Criminale,Femminile
Venice,GIM6S7Y973545S5R,Pennacci,56,Jeanie,true,Vittima,Femminile
Turin,T3CPQB50874XAAL6,Mc Gorley,69,Ynez,true,Vittima,Femminile
Verona,98WP24YOE21LJ78B,Anglin,25,Duane,true,Vittima,Maschile
Venice,Z0NKU7SDS9998UG7,Cornford,28,Auria,false,Vittima,Femminile
Bologna,RLR1KH364SP8E55B,Pelz,71,Philomena,true,Criminale,Femminile
Milan,V0SJFASG40BSSH9E,Stein,51,Yetty,false,Criminale,Femminile
Palermo,0MP5QYP6AK815L99,Maslen,85,Bree,true,Vittima,Maschile
Verona,Q2B5AE5X0YWA9Y1W,Aspinwall,83,Nanni,false,Criminale,Femminile
Venice,77FW570W929735T8,Norman,65,Perl,false,Vittima,Maschile
Bologna,3QL377A1842H8MKN,Fothergill,75,Eldredge,false,Criminale,Femminile
Verona,M4TFV25B98A3968K,McKearnen,16,De,false,Criminale,Femminile
Verona,45MG18ZF748C07WU,McOnie,17,Rheba,false,Vittima,Femminile
Genoa,Q893PPW9METBZ0MJ,Guichard,55,Hilary,true,Vittima,Femminile
Verona,Y05OCG4W795V4CEB,Brewins,81,Casper,false,Vittima,Maschile
Rome,90115DKVJ23C9V06,Conwell,37,Starr,true,Criminale,Maschile
Rome,754WAV8T1O8H79PT,Girkins,73,Pamella,true,Vittima,Femminile
Bologna,P5DJX0SM503Z2460,McMurraya,69,Fanchette,false,Criminale,Maschile
Rome,TC25M8781PU480E4,McNalley,70,Sigfried,false,Vittima,Maschile
Rome,Y1699FH5H3715134,Edgecumbe,77,Brooke,false,Vittima,Maschile
Milan,DC8UDEDMH59G10T1,Arthars,33,Bronny,true,Criminale,Femminile
Venice,KD45656515ZR2ZW8,Coolahan,24,Nicky,true,Vittima,Maschile
Turin,R1YLOOI8C419SN10,Seymour,54,Dallon,false,Criminale,Maschile
Bologna,9ZDU0PUX871ZZ78F,Rourke,85,Quinn,true,Criminale,Femminile
Naples,9UC2B2V4J3VS5K21,Yelyashev,41,Aloysius,true,Criminale,Maschile
Milan,K3Z706IQHTD8O4V5,Jeff,82,Eolande,true,Criminale,Maschile
Naples,D0TR0Y51K4VJB7I3,Richard,61,Selene,false,Criminale,Maschile
Bologna,56S809H30IMTWU68,Beveredge,48,Dav,false,Criminale,Femminile
Milan,75Z3D7RVS49RF563,Pawelski,67,Gussy,false,Vittima,Femminile
Florence,90QQ2530TK60U8L2,Semiraz,72,Isabella,false,Criminale,Maschile
Palermo,YDZLSB9CPEQOQ460,Harly,32,Dorelle,true,Criminale,Maschile
Bologna,7ZK973WQN4EF4M23,Sea,60,Freddie,false,Vittima,Maschile
Venice,26YGMJO48YXMZ381,Phateplace,78,Osbourn,false,Criminale,Maschile
Venice,5HR35VBN5DH82Q0S,McGorman,40,Verena,false,Vittima,Maschile
Florence,5PXX8X50NK5SPH83,Pettyfer,36,Gale,false,Vittima,Femminile
Bologna,707T1XL7KJV6O636,Stitt,15,Flin,false,Vittima,Femminile
Bologna,599506ALV0CK24LM,Roke,34,Bondon,true,Vittima,Femminile
Milan,07SQ2TV5IPT9U5FD,Bettles,19,Lewie,true,Criminale,Maschile
Palermo,47X5GS977040ZI62,Dougharty,32,Lilyan,false,Vittima,Maschile
Florence,Z9Y3U7F8XGORCQ45,Mellody,85,Ray,false,Vittima,Femminile
Naples,JL9NP86LHD65S3V3,Dahlbom,58,Bathsheba,true,Criminale,Femminile
Palermo,VIVK92E9MQLY4PV5,Creavin,65,Adelina,true,Vittima,Maschile
Palermo,19TJNPC0D96C12KG,Attac,48,Marius,false,Vittima,Femminile
Turin,HJ2BKN988WJLTR2M,Bilovus,73,Gwenore,false,Criminale,Femminile
Venice,53IJ18BZ32AMCAO4,Bellino,20,Adorne,false,Vittima,Maschile
Rome,YBNE28FVIC85Z69S,Bruhnicke,20,Shermie,true,Criminale,Femminile
Palermo,OQY13HD7P9574DRB,Enright,23,Tedi,true,Criminale,Femminile
Rome,Q11UWV2007Y7PFRA,Guiver,62,Deva,false,Vittima,Maschile
Palermo,J80K884D6831SL94,Duncan,71,Belicia,true,Criminale,Femminile
Naples,QBO735DY41639530,Jellard,35,Jenifer,false,Vittima,Femminile
Bologna,M8Z845MDY85M8A5V,Bing,51,Cassi,true,Vittima,Femminile
Verona,5R4L49BM4ESAXT9S,Sarll,68,Lotte,true,Criminale,Femminile
Venice,KWR94RJ7N99UWXVU,Turri,84,Humfrey,false,Criminale,Maschile
Bologna,3NB303G0311D73H8,Arthars,33,Otis,true,Criminale,Maschile
Milan,IV7Z8C70IVN33VQG,Elwel,65,Virginie,true,Criminale,Femminile
Naples,GL6TYO3R7YMKPX10,Gronowe,59,Kalila,true,Criminale,Maschile
Verona,8H2Q2S90PI6RC74E,Bellord,58,Lacee,false,Vittima,Maschile
Venice,NZE407C8Q21IUDY0,Deegan,37,Myron,false,Criminale,Femminile
Verona,5YNH59NH4BWKB02W,Everix,37,Trumaine,false,Vittima,Maschile
Palermo,GA4YU1JCQK4K4K93,Keningley,68,Biddy,true,Vittima,Femminile
Florence,5J85ABN401WG8601,Maling,41,Filippa,false,Criminale,Femminile
Milan,T8OWA222YU17S70E,Straker,69,Ignaz,false,Vittima,Maschile
Naples,FEAQF14N9E5BQ07V,Webbe,80,Celisse,true,Vittima,Femminile
Bologna,EY6L7K6LX6I72C2S,Bodd,50,Bobine,true,Vittima,Maschile
Naples,1WTP32CN2I43ZQ33,Dederick,46,Katerine,true,Criminale,Femminile
Florence,ZA471DZLP7I52XXN,Britnell,47,Analise,false,Vittima,Maschile
Naples,KAPJJ9ETTV6TUP8E,Titley,80,Rosamund,true,Criminale,Femminile
Venice,N4M104T1S670412F,Shynn,22,Brad,false,Criminale,Femminile
Bologna,N5UBM5N12W95R63N,Souch,64,Adlai,false,Vittima,Maschile
Florence,Z14U6A010091A875,Moulson,87,Jervis,true,Criminale,Femminile
Rome,Y3HOG052DJC76XVJ,Ivashev,68,Doyle,true,Vittima,Femminile
Florence,NO125Z9ZBLNE33SO,Harrower,70,Justinn,false,Criminale,Maschile
Turin,4B893CKN9UDH1F1T,Langabeer,23,Valenka,true,Criminale,Femminile
Florence,8F9L75370R42X670,Dunbabin,66,Andie,true,Criminale,Femminile
Milan,8I64341QI857HP52,Woolam,86,Katlin,false,Vittima,Femminile
Florence,K9528KCU0IY0HNZH,O'Giany,59,Aline,false,Vittima,Maschile
Naples,2664MS4HI3VEYJ36,Espadate,24,Sophie,true,Vittima,Femminile
Bologna,HOOVG6QUUC7WSI64,Lemonby,53,Thomas,true,Vittima,Maschile
Verona,3NLG1X19U5T9G44L,Tute,25,Stevie,true,Vittima,Femminile
Palermo,SC4MES1CA198YF1I,Carnie,67,Sawyer,true,Vittima,Maschile
Milan,63OH5Y0GTAD2S85N,Camois,30,Trey,true,Criminale,Maschile
Palermo,3H5CVZ920FM77254,Yarnall,46,Penni,true,Criminale,Femminile
Naples,IJEPMODFB1BMZ1W9,Schermick,14,Rodolfo,true,Criminale,Femminile
Milan,99V79S18W7LORQ75,Daldan,20,Gibb,false,Vittima,Maschile
Palermo,74HU5BVP7W32TBW0,Griswood,51,Caroljean,true,Vittima,Maschile
Verona,45EBF6H7GIJ9I566,Ussher,48,Eleen,true,Vittima,Femminile
Milan,UTKKTYNA24SG6KPV,Alred,15,Pattie,false,Criminale,Maschile
Rome,N3N0M9VX8ZM5PU81,Pentecust,52,Benjie,true,Vittima,Femminile
Turin,J170D411NXK377I5,Tarply,76,Dulciana,false,Criminale,Femminile
Bologna,1W0T8301LJ8IIO58,Smeuin,67,Lucine,true,Vittima,Femminile
Venice,OD00N20G4CS4195N,Koles,85,Arliene,true,Criminale,Femminile
Palermo,5DZL4FS90PF94443,Swaysland,58,Karilynn,false,Vittima,Femminile
Genoa,9260WJQCRQ95C1HT,Karpenya,30,Neel,true,Criminale,Maschile
Palermo,JFZY97488R9XA771,Mawhinney,51,Aksel,false,Vittima,Femminile
Naples,9SBI02C102L8M305,Hadwick,72,Susette,false,Criminale,Maschile
Venice,C99LE54YY52490D7,Prandoni,74,Guthrie,true,Vittima,Maschile
Palermo,WJP403BL9B1FE125,Pinxton,22,Gweneth,false,Vittima,Femminile
Verona,LC204BC59S75OYLB,Fields,15,Flin,false,Vittima,Maschile
Genoa,87210DXUSS3F96K1,Buston,15,Arlin,true,Vittima,Maschile
Verona,Q27O9P2V01I0U2T4,Edden,29,Aleta,false,Criminale,Femminile
Rome,U78V2H039F44T2QQ,Lee,66,Katie,true,Criminale,Femminile
Turin,L0T5XM1IWQ1S881P,Rivard,29,Daffi,true,Vittima,Femminile
Florence,35PT2Z1SU01PA826,Ludy,80,Adria,false,Vittima,Femminile
Milan,AB77I47S2H3W58CM,Burdge,68,Binni,false,Vittima,Femminile
Naples,O665GVM16VY41977,Jedrzejewicz,74,Ryon,false,Criminale,Maschile
Turin,F6GP26J04EN40ZFF,Van de Vlies,89,Saudra,false,Vittima,Maschile
Palermo,05J39OHU8MV228G7,Dampney,22,Guido,false,Vittima,Femminile
Verona,703NG31C08X21829,Tregaskis,39,Nert,false,Vittima,Maschile
Naples,NJHWI2DQ6IXK7X88,Belamy,29,Anatol,true,Vittima,Maschile
Turin,O3L1NF997719XV3D,Sykora,79,Belle,true,Vittima,Femminile
Verona,43SORPPL9F70GL0Z,Sam,73,Broderic,false,Vittima,Maschile
Verona,WL51RP5Y760XX23G,Larvent,67,Leshia,false,Vittima,Maschile
Turin,DQPXR7I018458MJF,Corbridge,84,Osmund,true,Criminale,Maschile
Milan,J9J0X6N8D29TXSBD,Smalley,63,Garwood,true,Vittima,Maschile
Turin,E9HL6JH8FM7VO6ZI,Garley,43,Brenn,false,Vittima,Femminile
Bologna,07TXL3R18LS4803G,Geraldez,87,Yasmin,true,Criminale,Femminile
Verona,FHDXDVWV99MWQ5LJ,Atherton,81,Bree,true,Criminale,Femminile
Venice,UB51E1IVV79V6G4R,Fergusson,31,Willyt,true,Vittima,Maschile
Palermo,543X04660N451P4X,Blakes,41,Harley,false,Vittima,Maschile
Palermo,1PAA75J3534GT321,Greave,48,Cullin,false,Vittima,Femminile
Turin,VSD3PO8G6TFX01RK,Lukock,85,Austine,false,Criminale,Maschile
Naples,4Z5N45222A7785LO,Camell,66,Josi,false,Vittima,Femminile
Palermo,87221FY01FTUSH22,Brimblecombe,86,Henrik,true,Criminale,Femminile
Naples,Y2KT4HS4Y6XGS570,Keitley,65,Melva,false,Vittima,Femminile
Palermo,3B8424T2RIX4P5VM,Ales,71,Emmy,false,Vittima,Femminile
Venice,V5B0UM721D1T1MWJ,Kervin,87,Minni,true,Criminale,Maschile
Turin,08CX02BM4RN03OAT,Stredder,49,Carolyne,false,Criminale,Femminile
Bologna,8G0U6HA87FSE54D1,Lidgey,73,Wilie,false,Vittima,Maschile
Naples,Q76K8EQ49YPW669I,Inseal,39,Babbie,true,Vittima,Maschile
Florence,H402587010BHRW08,Alekseicik,77,Spencer,false,Criminale,Maschile
Milan,2956Q1UBI7AKH07G,Mogg,15,Alric,false,Vittima,Femminile
Naples,J4RQUB58099C557O,Latey,37,Reed,true,Criminale,Femminile
Genoa,J1C2PS3CS41P1N3Z,Maillard,81,Carla,true,Vittima,Femminile
Rome,Q7T402R9G57NO7XU,Riha,52,Marita,true,Vittima,Femminile
Naples,IU3IDT0ERQS296B9,Pandya,28,Errick,true,Criminale,Femminile
Rome,9GWF9CJYE0G0B81W,Heikkinen,76,Jermaine,false,Criminale,Maschile
Florence,6BG9623Y2XN752J4,McQuillin,68,Gabriello,false,Criminale,Maschile
Bologna,4G1A0NU9530XG24J,Simmons,81,Gretal,false,Vittima,Femminile
Naples,2Z97UW7D2MKJZ23K,Bowland,62,Roberto,true,Vittima,Maschile
Naples,WZ740002O79M4W88,Schooley,60,Terrance,true,Vittima,Femminile
Turin,2SK7D100R8395I9P,Bendall,78,Godfree,true,Vittima,Femminile
Turin,11AY1KF4N54QJ7II,Attwill,59,Oswell,false,Vittima,Femminile
Rome,08631V6M97R2GQKD,McEvon,57,Leigh,true,Criminale,Femminile
Venice,D9983G2I3418A17G,Dana,72,Ramsey,true,Vittima,Maschile
Verona,678XG1569L60106R,Dregan,57,Louisette,true,Criminale,Maschile
Naples,I48XTA7KSSD7V8Y7,Riggott,15,Kimbra,false,Criminale,Femminile
Rome,Q0WNV1AN9W7WY3R4,Dumbrell,90,Wilhelm,true,Criminale,Maschile
Palermo,B4725K152776T14N,Coryndon,64,Davy,true,Criminale,Maschile
Venice,14U4TBDRG399Q35I,Einchcombe,75,Karen,true,Criminale,Maschile
Turin,S3XAQ6O2O4WY0097,Caghy,85,Lotta,true,Criminale,Femminile
Turin,840T2F49DEFYP968,McCrow,31,Lissy,true,Criminale,Maschile
Rome,XKZ1KF5548645O35,Richfield,89,Eamon,true,Criminale,Maschile
Bologna,364YHNCWF1281S5L,Bartel,14,Myrna,false,Vittima,Maschile
Palermo,MAO312LVON27WF60,Yeulet,56,Elsy,true,Vittima,Femminile
Rome,B7F8122JOZHKX429,Twell,88,Essy,false,Vittima,Maschile
Verona,91BYU1JJI4S7N8E7,Dressel,18,Vivie,false,Vittima,Maschile
Bologna,886294G8NBBT7D73,McGinley,90,Guillaume,true,Vittima,Femminile
Verona,GZ3QG5LSN501G35T,Relph,68,Leese,false,Criminale,Maschile
Palermo,00GE71S2I330AC97,Bahl,35,Christian,true,Criminale,Maschile
Florence,W5CHR167R8JHLM4D,Steiner,52,Annalee,false,Vittima,Maschile
Venice,FIOA77DND38NXG4Y,Haldenby,18,Obed,true,Criminale,Femminile
Rome,E8JI277GJ5ERHYFL,Mammatt,39,Dorris,false,Criminale,Maschile
Genoa,7EZ07Q74ZA8XJWC8,Tatum,33,Constancy,false,Vittima,Femminile
Bologna,61F8067USK857BKX,Penhale,66,Carolyn,true,Criminale,Femminile
Bologna,K22S0P6ER6A3K80N,Menichelli,48,Chick,true,Vittima,Femminile
Turin,23707RFP6852S593,Crose,59,Shawna,true,Criminale,Femminile
Bologna,895K727QX4CZ352D,Wallman,40,Yevette,false,Vittima,Maschile
Rome,9ZCI1BYXGOB1D8B0,Pitrelli,43,Brandice,false,Vittima,Femminile
Turin,75PRU4CYYZJP6Z4L,Nutley,61,Ruddy,true,Criminale,Femminile
Rome,X930CF6D6V4KGBL7,Kumaar,84,Jayne,false,Vittima,Femminile
Naples,3887801957V8FW68,Bartoloma,45,Shannon,false,Criminale,Maschile
Florence,HSL2Y5TR1TI23SE9,Binge,24,Boy,false,Criminale,Femminile
Milan,5N6375TJ00SZ75GZ,Musso,87,Elva,true,Criminale,Femminile
Florence,IGG8342U1BL72YM6,Winram,46,Marion,false,Vittima,Maschile
Milan,9LQ4154R54J75J41,Lappine,26,Maud,true,Vittima,Femminile
Genoa,91S5Z856885BW379,Elliot,47,Christyna,false,Vittima,Femminile
Milan,C9M4C8P01BXVSSLO,Kennifick,86,Monroe,false,Vittima,Maschile
Genoa,ZNH18ZXN6NOB4061,Traynor,68,Olivie,true,Vittima,Maschile
Genoa,M708400NPFOVU804,MacLaren,85,Wilow,false,Vittima,Femminile
Florence,I9L213S4U22612S2,Antonopoulos,63,Porter,false,Vittima,Maschile
Florence,1LGQLW4ZVIC1301Y,Joret,33,Ronna,false,Criminale,Maschile
Palermo,6V6I30A29Z0434KL,Senter,72,Kylynn,false,Criminale,Femminile
Rome,TU85N3HGPRLUY881,Keyte,62,Dee dee,false,Vittima,Maschile
Bologna,RYW1Q6744BLFN2HD,Presnail,50,Clerkclaude,false,Criminale,Femminile
Turin,ST89F9XAGXJ3ICL5,Harriott,46,Layne,true,Vittima,Maschile
Turin,ZTR396LP3N7U8E50,Hallock,43,Benedicta,false,Vittima,Maschile
Palermo,O26UYH3QCW988YJO,O' Meara,22,Neilla,false,Vittima,Femminile
Turin,5358P67WG5X81810,Simoens,42,Jordan,true,Criminale,Femminile
Turin,U2TUO6K53MJN24Q6,Mansion,78,Leslie,false,Vittima,Femminile
Venice,6D874105DOLA499B,Puffett,58,Enrique,true,Criminale,Femminile
Turin,XAV209PSQ99841WV,Gregine,66,Rik,false,Criminale,Maschile
Turin,TP34210109MF0JSQ,Gurys,18,Pooh,true,Criminale,Maschile
Turin,H5GVRH9U353JL75K,Leele,29,Caitrin,true,Criminale,Maschile
Florence,280Y6519L45060OF,Wyness,57,Robenia,true,Vittima,Femminile
Genoa,5TP3W6LUK3SI4YWK,Cunio,73,Boniface,true,Criminale,Femminile
Genoa,GVVS6FAU4FYV0HA0,Cobello,18,Joann,true,Criminale,Maschile
Turin,5910N77GY63P1IZ5,Wrotchford,78,Hayes,true,Vittima,Maschile
Naples,ATTHVT0U93584TX8,Raymond,52,Lorita,false,Vittima,Maschile
Milan,9O5JG842LPT36OU0,Cherry,80,Hi,true,Criminale,Femminile
Milan,YN2HS3X9VHHH6W93,Gaughan,20,Hart,true,Vittima,Maschile
Rome,6UK1N63T0Z4RTP9K,Brinicombe,28,Sutherlan,true,Criminale,Maschile
Palermo,6AUZ5A9PKK1ZWCLE,Hearns,63,Lory,false,Criminale,Femminile
Milan,996D55BNJ340G6IP,Dearan,52,Baron,false,Criminale,Maschile
Venice,TCIB1ZDXO11UX72P,Ellett,84,Dasha,true,Criminale,Femminile
Rome,7CD645LFRE8F1098,Marzelli,71,Constantia,false,Vittima,Femminile
Bologna,5W5S262YUF1A271L,Corkill,19,Willy,false,Vittima,Femminile
Genoa,I5I7R7QFXB1EBXID,Chetwin,58,Anette,true,Criminale,Femminile
Turin,RDD36ETA7E3ZM3LM,Larmour,60,Donni,false,Criminale,Maschile
Verona,F67M3012FGRLSBA6,Braund,29,Errick,false,Criminale,Maschile
Florence,L93QKBB37TECB2B1,Rouch,58,Byron,false,Criminale,Femminile
Bologna,78K9OOCKI57ME1XM,Jowers,66,Alejoa,false,Criminale,Femminile
Milan,IK892D42V7W9V8XW,Caswell,89,Averyl,true,Criminale,Maschile
Florence,P42N8234UQS91B7B,McCready,41,Aubry,true,Criminale,Maschile
Naples,DX0PN73J9H21LT18,Hutfield,85,Cly,false,Criminale,Femminile
Milan,4AV0POXAQU7P30QW,McRobert,14,Wittie,false,Vittima,Maschile
Turin,WNB84S5QUP426FPC,Lesmonde,65,Aigneis,false,Criminale,Femminile
Venice,89E21UZ2576GRQ99,Prickett,18,Cobb,true,Vittima,Femminile
Palermo,S4MPCJZ30M5EO613,Oxbe,65,Irwinn,false,Criminale,Femminile
Turin,TW91CD9X4M18QZ13,Jindrich,40,Aurie,true,Vittima,Femminile
Rome,L6719M6C1NJ240N1,Duckers,38,Falkner,true,Vittima,Femminile
Verona,X5V86W90Z8XL8VU9,Bolus,77,Merle,true,Criminale,Maschile
Milan,0R29AOU1M6VXU93D,Boothman,36,Willamina,false,Vittima,Femminile
Venice,J3R3O52HPO16512J,Yurenev,88,Spence,true,Criminale,Femminile
Bologna,IS5FW7677806HT5Q,MacAskie,29,Orv,true,Vittima,Femminile
Bologna,S612X9U34379GX53,Lamberto,34,Agosto,false,Vittima,Maschile
Milan,580619FWDC8R1CM1,Sainthill,87,Bogart,false,Vittima,Maschile
Verona,H42O5O874X89SU0X,Ogglebie,60,Abby,true,Criminale,Femminile
Verona,6L0JI7080Z8P9M9A,Manuello,57,Kata,true,Vittima,Femminile
Florence,410MRZ65O0121175,Eaddy,77,Merrile,false,Vittima,Femminile
Verona,CP884B3J8LAM6C6B,Ranahan,58,Grata,false,Criminale,Maschile
Milan,NF7R18Q1A4OI7C7W,Gallimore,21,Ernestus,true,Vittima,Maschile
Verona,6BN9KJO5JWCM3Z66,Penhallurick,50,Caterina,false,Criminale,Femminile
Venice,8O163F4334E4V130,Belhome,19,Cathrine,false,Criminale,Femminile
Naples,349XFW413899P17U,Shreve,84,Ebeneser,true,Vittima,Femminile
Milan,2YH7WBJGIE3O8E3M,Pymm,19,Charmion,true,Criminale,Maschile
Florence,6419X9B1KWZ479FT,Kuzma,49,Alyda,true,Criminale,Maschile
Rome,PEDXV4VIYJ630V2J,Hamm,70,Aveline,false,Vittima,Maschile
Genoa,Z71YUSCX4JL861UR,Waistall,35,Craig,false,Criminale,Maschile
Palermo,0120Y244W475T3S7,Carne,40,Florinda,true,Criminale,Maschile
Palermo,5EYZAJ745SDR71MT,Robke,38,Roseanna,false,Criminale,Maschile
Turin,041U9V89NC23O1E2,Grzegorzewicz,82,Claudell,false,Vittima,Maschile
Turin,14MF1339WDQ09SSD,Phillpotts,29,Katuscha,false,Criminale,Femminile
Genoa,K654R2V4G86908OU,Casado,33,Jeffie,false,Vittima,Maschile
Genoa,CK602OSAXH86UX4S,Ribou,49,Ber,true,Vittima,Maschile
Verona,75PFE2M0625I3ZLN,Cheston,84,Everett,false,Criminale,Femminile
Venice,0Q7OF6PK9WT64RBY,Lamminam,42,Roger,true,Vittima,Femminile
Verona,Q310NL2Z39BD8706,Joutapavicius,16,Lisa,true,Criminale,Maschile
Venice,ND5U2NAPN3U6ZM45,Hutley,88,Wandis,true,Criminale,Maschile
Palermo,ZN6C94W9IW92A91D,Murt,90,Starlin,true,Criminale,Maschile
Naples,WGT00L37OM539I7N,Creedland,48,Read,true,Criminale,Maschile
Rome,KQRI0JO92AL0749B,Raynard,20,Deirdre,true,Criminale,Maschile
Naples,REN65LL933147F99,Garlic,63,Randy,true,Criminale,Femminile
Rome,11AU1MY86J5I6836,Baverstock,59,Vladimir,false,Criminale,Femminile
Florence,R2567LLSA3D4W0YK,Christie,38,Boot,false,Vittima,Femminile
Palermo,7130758944S7Z5GK,Mablestone,18,Kimberli,false,Vittima,Femminile
Florence,Q113K5TWO3XJYU8R,Bingham,60,Tammie,true,Vittima,Femminile
Florence,MGUJ77B265H6MF80,Rove,68,Kristian,true,Criminale,Maschile
Rome,3WE3D11BJ4OCLQ50,Ivanyushkin,56,Evelina,false,Vittima,Femminile
Turin,C7V7U86HJ3A3ZN97,Cansdell,53,Link,true,Vittima,Maschile
Bologna,65C2PP48TFKZ4Z5I,Petera,40,Roman,true,Criminale,Maschile
Naples,2VP49103V7JARID2,Boot,15,Reg,true,Vittima,Femminile
Bologna,Q55SU729B8190Z9R,Cone,84,Meredithe,true,Criminale,Maschile
Palermo,8025X5GGKP84083D,Hamil,78,Gretel,false,Criminale,Maschile
Rome,U56493H18Z4FOQYC,Gimert,56,Tessa,true,Criminale,Maschile
Rome,4LPN1OM9RSAM4YNI,Tribell,80,Cloris,true,Vittima,Maschile
Genoa,557GMY4E8BM3QWEU,Veljes,37,Rozella,false,Vittima,Maschile
Turin,N654G127N0A034I7,Jeanin,34,Marigold,false,Vittima,Maschile
Palermo,25IKR8Y27M86VQB2,Mochar,48,Kay,false,Criminale,Maschile
Turin,V09822393U77A5IH,Rochester,24,Elenore,false,Vittima,Maschile
Bologna,D4S3Y469BSS1FV20,Wiley,41,Ardyce,false,Vittima,Maschile
Turin,FX17R3JN33C99025,Oman,35,Winn,false,Criminale,Femminile
Verona,6W9477TG6I94806U,Carnaman,53,Miran,true,Vittima,Maschile
Palermo,3X811YY015S0LT44,Kilrow,49,Wilone,false,Criminale,Maschile
Bologna,377ORR8D654KE47C,Feeham,43,Taite,false,Criminale,Maschile
Palermo,1411K9M2MR484GST,Sutherns,59,Rorie,false,Vittima,Femminile
Venice,UH034RR3L905RN4P,Normavell,31,Marvin,false,Criminale,Femminile
Genoa,O1EJN4BV0T732641,O'Shavlan,56,D'arcy,false,Criminale,Femminile
Genoa,X1WGTE507846EM6G,Willarton,66,Kassie,false,Criminale,Femminile
Venice,6E8P236GT340WD7T,Fladgate,38,Consalve,false,Criminale,Maschile
Venice,8545G4VHD50J348W,Grigoryev,22,Bel,true,Vittima,Femminile
Palermo,2S39B9007GQV0Y4P,Wiles,30,Sheffield,false,Criminale,Maschile
Florence,ZE8X487MJCY4IE3C,Redman,88,Kaitlyn,false,Criminale,Femminile
Turin,9EL4CWQ958467T8O,Trittam,36,Renata,false,Vittima,Femminile
Naples,2K1YJ959C0V06434,Mustill,85,Sheff,true,Vittima,Femminile
Verona,JP467292M50MP954,Wittrington,43,Jonathan,false,Criminale,Femminile
Palermo,Q0Q2ZZ6U0L64Q57J,Gritland,49,Esther,true,Criminale,Femminile
Palermo,89WH8ZHFSGNO8F34,Odhams,24,Bertina,true,Vittima,Femminile
Verona,4A63DJX9FG9X039O,Pople,56,Rachael,true,Vittima,Femminile
Venice,B602G161AS6SX42N,McKall,75,Bernadine,true,Criminale,Maschile
Palermo,1JR19OYMS50P1ED1,Philbrook,85,Putnem,true,Vittima,Femminile
Verona,34W82A90183Z9PN3,Colclough,45,Karola,true,Criminale,Femminile
Bologna,A0A0SCT8XZ9L3J17,Leguay,34,Daryl,true,Criminale,Maschile
Palermo,RB33H80NS774F3C5,Coatts,34,Hayyim,true,Criminale,Maschile
Venice,18JJ3BE3542GI5NT,Santore,47,Humfrey,false,Criminale,Maschile
Bologna,T31WH1ROW68YDU57,Amery,23,Alexander,false,Vittima,Maschile
Florence,197907D4CXI8D3SC,Swadlen,75,Perice,false,Criminale,Maschile
Turin,372895F19VP84DV0,Wigelsworth,33,Lexy,false,Criminale,Maschile
Palermo,NSFMI48562R545HX,Wassung,78,Godfry,false,Criminale,Femminile
Venice,1LKDZS9Z464OK6V4,Gregr,34,Cordell,false,Vittima,Maschile
Florence,53WM8UKNH073C2US,Balazot,78,Iosep,true,Criminale,Maschile
Bologna,0817GVG8E6E30KY4,Elderidge,74,Daisey,false,Vittima,Maschile
Genoa,T1690W7AKN78CW3S,Hackworth,73,Renaldo,false,Criminale,Femminile
Milan,QWI6AKG6VCUV9761,Bentote,40,Benedick,false,Vittima,Maschile
Palermo,L8VQ8HW789126O0O,Matterface,46,Madalena,false,Criminale,Femminile
Verona,R486F1K7UZ4HI9VZ,Elsay,70,Findley,false,Criminale,Maschile
Milan,Q2INPGDN8Y8117S4,Sach,85,Salvidor,true,Criminale,Maschile
Bologna,88BB84EIC35522V2,Floweth,88,Reyna,false,Criminale,Femminile
Venice,5L6744P01IF2XMNU,Denidge,63,Elianora,false,Criminale,Femminile
Turin,KF016ZJF6A5W089A,Quittonden,80,Isidoro,true,Vittima,Femminile
Florence,126AD1Z5LEW0050G,Bindon,20,Rockie,false,Vittima,Femminile
Florence,4P69Y552S0781T7P,Mariel,72,Philip,false,Vittima,Maschile
Genoa,06T786XCBB6C0244,Doey,19,Shandra,false,Criminale,Femminile
Bologna,R3K9PW94DZBTQ22T,Files,34,Joanie,true,Criminale,Maschile
Palermo,8I45FU53WX329879,Scotti,69,Ardis,false,Criminale,Femminile
Bologna,HKN94V68OOL37070,Goosey,32,Gloria,false,Vittima,Maschile
Turin,O7PTZIGYKC88646Y,Beckey,81,Marlow,false,Criminale,Maschile
Milan,F7W2K2L1KON12289,Caw,33,Pattie,false,Criminale,Femminile
Florence,M2NY61VD6HTG3171,Tressler,80,Sheilah,false,Criminale,Maschile
Palermo,49LA914L033MR25H,Capini,41,Piper,true,Vittima,Femminile
Rome,ZO6W198NHGR55740,Deakin,89,Barnebas,true,Criminale,Femminile
Bologna,OA2A73P9479H7L7J,Brawson,39,Hamel,false,Vittima,Maschile
Milan,1I0E0V2D1B158C51,Polin,83,Sherlocke,true,Criminale,Maschile
Naples,1X3RR8M1TBV9447S,Chantree,21,Demeter,true,Vittima,Maschile
Turin,Y0732T0I9WOO9TIL,Heers,23,Brnaby,false,Criminale,Femminile
Naples,6KK042344HR22G26,Yair,57,Clywd,false,Criminale,Maschile
Naples,68BS21R8I85QKQCR,O' Clovan,21,Jereme,false,Criminale,Maschile
Naples,08V0694D4XZX2P65,Peddie,64,Harlen,true,Criminale,Femminile
Genoa,D840GW2DQEK5817O,Tomasoni,72,Manya,false,Criminale,Maschile
Turin,0EUI4454N77PC4P3,Sallier,29,Meridith,false,Criminale,Maschile
Genoa,D8SL43ZW9468AOSI,Fills,19,Welsh,true,Criminale,Maschile
Rome,687CGBXH86WB218D,Drioli,49,Samson,false,Vittima,Femminile
Florence,ZNA4V67IZ3A14QKO,Matitiaho,50,Dorothy,true,Vittima,Maschile
Verona,0H16LQEQF537Z74B,Watkinson,36,Nolie,true,Vittima,Maschile
Florence,Q0JP83D937JYA9N9,Espinheira,15,Smitty,true,Criminale,Femminile
Florence,QX9HFVT3D4JV12JU,Ecclestone,50,Lowell,true,Criminale,Maschile
Genoa,U6Z04XW2NHT1C2SZ,Wilhelmy,67,Clare,false,Criminale,Maschile
Florence,4WA9QWQ7Y88596F7,Stubley,59,Natasha,true,Vittima,Maschile
Palermo,8582P3R3661HY201,Woodfield,65,Hobie,false,Vittima,Femminile
Rome,0LBD93CA6DW9HEU6,Rappoport,49,Marcus,true,Vittima,Femminile
Rome,0JA0P124Q1267PH6,Selburn,59,Udell,false,Vittima,Maschile
Rome,67I9PAQ8TB18861A,Kearsley,31,Frank,false,Criminale,Femminile
Turin,0T458468883J324J,Lalor,63,Calypso,false,Vittima,Maschile
Florence,HH60P99ROG6XU31C,Tripe,14,Edan,true,Criminale,Maschile
Milan,1B4UEHW27C0754Q1,Gilding,39,Wilton,false,Criminale,Maschile
Venice,875LF4ORFT5135ME,Colliford,86,Norbie,true,Vittima,Maschile
Genoa,4Y4F41CB7BEJD565,Winkworth,26,Tony,false,Vittima,Maschile
Venice,0VBDD2963U83XWK2,Savile,82,Putnem,false,Criminale,Femminile
Palermo,9ECOO193CRB36052,Do Rosario,27,Melesa,false,Vittima,Femminile
Turin,51DSTQFB84S4LROR,Girt,24,Archibald,false,Criminale,Femminile
Palermo,P26BC15IA59VOIB5,Sperrett,74,Tracie,false,Vittima,Femminile
Bologna,VU0ZZS99FO3H3QYT,Gulliman,30,Gabby,true,Vittima,Maschile
Turin,A3RIHZS5Z87L07F4,Pavolini,86,Vannie,false,Criminale,Femminile
Milan,UP75R4X4MSJ3903A,Jewiss,37,Noni,false,Vittima,Femminile
Verona,7BH009I488G3PI0B,Machin,45,Emmett,true,Vittima,Maschile
Rome,LS07487JQ12CF838,Tefft,69,Penny,true,Vittima,Maschile
Venice,07J15RALB4BW0X0A,Roseby,80,Sissy,true,Vittima,Femminile
Milan,6NW29P570FQ71K2K,Pakenham,69,Carlyle,false,Vittima,Femminile
Rome,Z99O37X4R023433R,Sharrard,73,Isac,true,Criminale,Maschile
Verona,R3P599GXWBM752UQ,Rijkeseis,65,Phillie,true,Vittima,Maschile
Genoa,83H3N5071WE88X85,Greenshields,57,Fredra,true,Criminale,Femminile
Palermo,0X41OCFMKVN9E8H3,Whitcomb,51,Matthew,true,Criminale,Maschile
Venice,G2HSHN6SS72A3X07,Krop,37,Flory,true,Criminale,Maschile
Venice,TLD24OKD6MW5CTP6,Siddell,48,Alwin,true,Criminale,Maschile
Bologna,82VZSLFO7W8FA085,Ramage,86,Portie,true,Criminale,Maschile
Genoa,5713PU704F529UQS,Miche,84,Maggy,false,Vittima,Femminile
Turin,68EF6H1KOMQ4E460,Housbey,23,Britteny,true,Vittima,Femminile
Milan,90N6BHQ253CMZ0MM,Churches,27,Saidee,true,Criminale,Maschile
Rome,Q1T4IS562QN33OXK,Kubanek,27,Celka,true,Vittima,Maschile
Florence,MN1ZB47GL70VCPOF,Baudinet,15,Nerita,true,Vittima,Femminile
Rome,IS587Z5B0N1M91XR,Conlon,23,Corena,true,Criminale,Femminile
Genoa,K1LJ29LA5VOG4V2W,Hardesty,25,Arv,true,Vittima,Femminile
Verona,DW25Z4YD576T1E05,Stanbrooke,66,Rosy,false,Vittima,Maschile
Venice,NEL76T0NKQ4VPFE2,Hulatt,54,Rhona,false,Vittima,Maschile
Naples,I6QS46J1K9S92TXT,Inett,28,Bud,false,Vittima,Maschile
Rome,2Q92L0RJJQXI31I8,Latehouse,19,Ajay,false,Vittima,Maschile
Palermo,98HN2M38JXLT8N01,Sikorsky,73,Jabez,true,Vittima,Femminile
Genoa,OAF11146Q4OGBS45,Hawlgarth,43,Gwenni,false,Vittima,Maschile
Milan,RX043OSWZ1I8VO00,Villaret,68,Celene,true,Vittima,Maschile
Turin,EV7IDBFYW5T0N3K4,Swait,84,Candy,false,Vittima,Femminile
Venice,9831RL5BL2965FCO,Cadreman,16,Nancey,true,Vittima,Femminile
Venice,VNDUB7QUA6F1SN6S,Derbyshire,85,Ursola,false,Criminale,Maschile
Milan,L1WW60N00NMBF54H,Jickells,38,Sile,false,Vittima,Femminile
Turin,5I9Z86HQH656PV62,Walch,76,Brigit,false,Vittima,Maschile
Palermo,12CJI0753089RBO5,Dalwood,50,Albertina,false,Vittima,Femminile
Rome,LA86MJ26EII62C62,Pollard,68,Ingram,true,Vittima,Femminile
Verona,7O2J079R44Z70938,Gath,19,Hunfredo,true,Criminale,Maschile
Milan,9DN58FOR1BNQ9Q33,Gerrard,19,Brady,false,Vittima,Femminile
Rome,9SSA512PH1Y64KQ9,Ceschi,69,Esther,true,Criminale,Femminile
Milan,65IK80733ZC622C8,Robjents,17,Gard,false,Vittima,Maschile
Venice,J8D0J0651308ON75,Tremaine,59,Riordan,true,Vittima,Femminile
Venice,Y72X8JU47SQDY2P1,Bim,32,Sammy,true,Vittima,Maschile
Venice,V47604V47FH9MZ0L,Briatt,37,Ulrikaumeko,true,Criminale,Maschile
Bologna,473PB3BP34VX5XYP,Jones,42,Isaiah,false,Vittima,Femminile
Genoa,WNBAF849027V4ZQN,Oury,32,Ainslie,true,Criminale,Femminile
Palermo,IWQEI5A9619E8JC9,Retchless,31,Silvie,true,Vittima,Maschile
Rome,WM56112H2H550MFW,Chittock,57,Jennilee,false,Criminale,Femminile
Florence,4I7VN2656FA3C688,Sexti,64,Ted,false,Criminale,Femminile
Milan,5YVI3Y0PY9400K3T,Blore,87,Allister,false,Vittima,Maschile
Rome,K0301R7VGVL92371,Diano,88,Cleveland,false,Vittima,Femminile
Florence,5R623EC6W25K6FR1,Dilawey,27,Roanna,true,Criminale,Maschile
Rome,FM77N5VHA530RWQ7,Postan,86,Gothart,true,Vittima,Maschile
Bologna,00675F00370298NI,Tallquist,76,Deck,false,Criminale,Maschile
Milan,87L38OT09Q2GGH7I,Dacca,75,Katha,false,Vittima,Femminile
Rome,H2594ANE456IT41I,Byer,88,Monika,true,Criminale,Femminile
Palermo,EH019255EX5F7195,Lohde,83,Ruttger,true,Vittima,Maschile
Venice,3H5WADH93P2MD04C,Demead,39,Shawnee,true,Criminale,Femminile
Verona,4W9DOTM1H354A1U3,Creeghan,45,Cass,true,Vittima,Maschile
Milan,P12NYHR911BE0366,Imlock,58,Bernadette,true,Vittima,Maschile
Genoa,AK11XJ69LHL47216,Spens,48,Georgia,false,Vittima,Femminile
Turin,9WT98XZQR7MX4058,Durdy,79,Morgan,true,Criminale,Maschile
Milan,4Z1JS23PU695N92Z,Colenutt,81,Hilda,false,Criminale,Maschile
Milan,I9Y2SD635TM45242,Francey,85,Hyacinthia,true,Vittima,Maschile
Palermo,N6X685YRO78XA4KM,Merry,22,Marget,true,Criminale,Maschile
Palermo,6BCV924J0T676B87,Pettis,86,Trixy,true,Criminale,Femminile
Turin,20Y22DX2UQENNKJL,Showers,18,Lanae,false,Criminale,Femminile
Milan,75Z54E283KX259EQ,Iacovucci,52,Rickie,false,Vittima,Maschile
Bologna,B85698KUS0MLPLP3,Jozefiak,25,Hort,true,Vittima,Femminile
Genoa,G5H84424D22U9BNR,Tuckley,80,Arabela,true,Vittima,Femminile
Turin,6Y5XG9U56EX50V73,Lamburn,32,Earl,true,Criminale,Femminile
Palermo,H3H48S74RLMHWD69,Gratland,62,Fidel,false,Criminale,Maschile
Verona,7369DWEV69QZ11GY,Keefe,55,Putnem,true,Vittima,Maschile
Venice,A0DMWZBWD7JC9Q47,Durdan,32,Dredi,true,Vittima,Femminile
Florence,TDWKA72AG7444Z5Z,Pavis,79,Tucky,false,Vittima,Femminile
Turin,8P30MO53J7K0A3A0,Lightoller,87,Gunar,false,Criminale,Femminile
Naples,1R17696I936866VU,Cottee,41,Earl,false,Vittima,Maschile
Palermo,E85ZJEB9ZZ23P37D,Conduit,33,Byran,true,Criminale,Femminile
Palermo,X1AJ39C15T79J8KX,Descroix,57,Joanie,false,Vittima,Femminile
Milan,342ZX723K1O18U6Z,Oxenford,59,Elberta,false,Vittima,Maschile
Rome,8R7BJQ8QX84V4SBZ,Darlison,56,Adi,true,Vittima,Femminile
Florence,5JUMZ9TZ2B4S6H50,Kimber,40,Erick,false,Vittima,Maschile
Turin,7QJZO9S95226N9OW,Baus,19,Eugine,true,Vittima,Femminile
Venice,9TKOH39M97V31Y7H,Crutch,55,Jehanna,true,Vittima,Maschile
Venice,S7QN0GK7391871PN,Lantaph,40,Josefina,true,Vittima,Maschile
Rome,GD755VOAYM4JPYB1,Banasik,19,Hallie,true,Criminale,Femminile
Palermo,8305I88I9RD3RVN6,Dixson,37,Malissia,true,Vittima,Maschile
Florence,YTKTE7U9SCG6A77C,Matyasik,76,Townie,true,Criminale,Femminile
Verona,C193W35M0Y72X9X0,Ulyet,86,Paddie,false,Vittima,Maschile
Venice,71G81991D9355C0L,Grishakov,90,Alanna,true,Vittima,Maschile
Florence,GA583LF01TSID7WU,Mueller,28,Lynnelle,true,Vittima,Maschile
Bologna,RMXSKJ69O21WCO90,Prodrick,82,Brunhilde,false,Criminale,Maschile
Naples,VHPI5WEZIK77VPQ1,Duddell,76,Arlene,false,Vittima,Maschile
Naples,K9L9B43RDH5Y6G08,Berryman,38,Odette,true,Vittima,Femminile
Bologna,P7DZU696WV212AN0,Brumfitt,31,Major,true,Criminale,Maschile
Genoa,1O40VN0JBK04DX9Q,Melby,75,Sharlene,false,Criminale,Femminile
Genoa,53T337BBXXJSV871,Silverton,57,Linet,false,Vittima,Femminile
Rome,DM7O9U37K80371Z6,Dishmon,75,Imogen,true,Criminale,Femminile
Verona,K4OA97B8WWU6B9AQ,Bergstrand,62,Jenilee,false,Criminale,Femminile
Turin,Z5064R6IFH5O41I1,Grunson,72,Currie,false,Criminale,Maschile
Genoa,38W2X7CZ41I1EY42,Olney,37,Anabelle,false,Vittima,Femminile
Bologna,OG98V8BX6QTKD070,Gallienne,59,Jayme,false,Criminale,Maschile
Turin,4K9L2H54Y96K653R,Pickin,27,Nancie,true,Vittima,Maschile
Turin,44RV9N7BFQX2K55P,Alton,90,Aurel,false,Criminale,Maschile
Turin,K14285Q7TG4P84M7,Dugall,58,Lynn,false,Vittima,Femminile
Florence,U8UIP2326I1ZL6O4,Bedow,21,Consuelo,true,Criminale,Maschile
Venice,J3BO8337QRU6OCB6,Purdon,16,Kitty,false,Vittima,Femminile
Naples,59JQGR3X25MFJA96,Quantrill,63,Anderea,false,Criminale,Maschile
Rome,2T5SV21652NMZ4TB,Saintsbury,83,Orland,false,Vittima,Femminile
Palermo,7Z2Q4L62SS14A35X,Leabeater,76,Roscoe,false,Vittima,Femminile
Florence,I1378DAZY2AR63U5,Caught,78,Augie,true,Vittima,Femminile
Bologna,SCE0G8VGGU4BC4OR,Diamond,22,Shanan,false,Vittima,Femminile
Verona,U9R9ERI9B4B81SXJ,Sworder,41,Stephani,false,Vittima,Femminile
Palermo,X52D4RG9WFFO8O9I,Ummfrey,80,Nickie,true,Criminale,Femminile
Bologna,1B6QGS8CU4896H23,Dinsale,86,Briana,true,Vittima,Maschile
Turin,109STZ3G33V33DY1,Cianelli,23,Gusella,false,Vittima,Maschile
Genoa,FC6GH76NN1NTOSHI,Torri,36,Perice,false,Criminale,Maschile
Genoa,0T9T55GW92251343,Olivi,59,Federico,false,Vittima,Femminile
Verona,OQ0684A0FK18M270,Grafham,39,Vassily,false,Vittima,Maschile
Venice,LON3Y8MF0FW8LNR0,Shelf,62,Moshe,false,Vittima,Femminile
Genoa,6K476I60UNDM13HL,Vella,63,Cacilie,false,Vittima,Maschile
Milan,RZI699AQEC96FO1D,Bellison,33,Marley,true,Criminale,Femminile
Genoa,S9Y71D03NV3GA5V7,Moakes,54,Chan,true,Vittima,Femminile
Venice,D476MC3Q6993HU2P,Craigheid,56,Lynn,true,Criminale,Femminile
Milan,2D85XBILNS2B96H3,Melbourne,74,Kevan,false,Vittima,Maschile
Naples,R2798TNH7BNEC2RD,Elcoate,88,Bo,true,Vittima,Maschile
Genoa,XU4VY1O40W0BY2D4,Caslin,62,Krissy,true,Criminale,Maschile
Florence,8R3M0957CVR586V8,Zuppa,72,Glen,false,Vittima,Femminile
Naples,9G6W8RRKT3D9E54D,Wimpey,80,Janel,false,Criminale,Femminile
Venice,W326P70J8SB9KE2Y,Lavelle,21,Erin,true,Vittima,Femminile
Bologna,99421Y317R0Y408Z,Younie,51,Carlota,false,Criminale,Maschile
Venice,0L6Q09GB1577E0K0,Rozsa,87,Frasier,true,Criminale,Femminile
Venice,181IMLQ9G0KF0OU8,Kamiyama,54,Athene,true,Vittima,Femminile
Bologna,I2SCN2O4O40BWV7J,Britney,23,Twila,true,Vittima,Maschile
Genoa,696K7O3P512281C2,Pedron,89,Niccolo,false,Vittima,Femminile
Palermo,V0N73C9LSLSAC51T,Sahlstrom,83,Derry,true,Vittima,Femminile
Rome,ZCJD8710OVO0637Y,Antonnikov,35,Gerrard,true,Criminale,Maschile
Turin,V77DA09483QQVUOV,Oxbrough,20,Elton,false,Vittima,Femminile
Venice,70S3J1P940A3YJ13,Fraulo,39,Archambault,true,Criminale,Maschile
Milan,89MGO91Y9G0DGW4A,Gallyon,30,Milissent,true,Vittima,Maschile
Rome,0UOT5LR1009MGLQA,Klaes,57,Sophia,false,Criminale,Femminile
Florence,9U5Z7LH43954PS41,Vinecombe,30,Robby,true,Criminale,Maschile
Naples,79J2911452ZO87B2,Rankine,48,Cinda,true,Vittima,Femminile
Verona,RSUCDPLQC53X047C,Senechault,44,Halimeda,true,Vittima,Maschile
Genoa,299M7YDB84323CIN,Still,62,Ema,true,Criminale,Maschile
Naples,617YGZ035V557SD5,Newstead,63,Norrie,false,Vittima,Maschile
Venice,KR165K85N691E23K,Ellin,74,Boigie,false,Criminale,Femminile
Bologna,8629NS3ATD0TXR7O,Souness,34,Raynard,true,Criminale,Maschile
Genoa,BK7L7V53L7M2REF5,Haeslier,19,Bessy,false,Criminale,Femminile
Milan,L6RV1VF5835S0E31,Grayston,43,Susanna,false,Vittima,Femminile
Naples,H79YZ9FY78XVN3B1,Kay,47,Gerta,false,Criminale,Maschile
Genoa,47D9M50PK56118Q7,Byk,84,Ebba,false,Vittima,Femminile
Rome,07VX1Q8XJZHZ100N,Aves,82,Lek,false,Criminale,Femminile
Verona,6392715UDW2QEW04,Happer,58,Heywood,false,Criminale,Maschile
Genoa,6TNL5W1CU2V0Z6QT,Lowdeane,72,Rahel,true,Vittima,Maschile
Genoa,0CPD1JA6YYFKH1UO,Bremmell,80,Jaquenetta,false,Criminale,Maschile
Palermo,31SN6X3681HC0805,Cregg,19,Cos,false,Vittima,Femminile
Genoa,9ADFI3IK3O5KN205,Gallafant,16,Pamella,false,Criminale,Maschile
Rome,WDS1Y45UFURJ2GE3,Biggs,59,Harmon,false,Criminale,Maschile
Genoa,8M0U1Y8858B260JM,Margiotta,46,Melisande,true,Criminale,Femminile
Rome,8DLQIZY4U6D14SO3,Behan,41,Dominique,true,Vittima,Maschile
Verona,RV9KY68J4E0M39G4,Pedroli,60,Em,false,Criminale,Maschile
Naples,8QBMKZ6XU1RN65JU,Iddins,24,Harvey,false,Vittima,Maschile
Verona,633X054G0A26WXV5,Burgum,44,Dorris,false,Vittima,Maschile
Palermo,46F68ECPKM24BIVK,Dickens,18,Pippy,false,Vittima,Maschile
Turin,5UO855KEEE1Q7D3V,Pattinson,81,Randy,false,Criminale,Femminile
Turin,0711HSNCCAHFUP00,Sirette,68,Magnum,false,Vittima,Femminile
Turin,1IF6TBW9OBK1F7S4,Jorgesen,84,Thornie,false,Vittima,Maschile
Bologna,ET52E3GTVSP9898P,Ledur,35,Oralla,false,Vittima,Femminile
Turin,171U36J9X82J6WSA,Elleray,18,Orville,true,Vittima,Maschile
Naples,WL5Z9BR69U89605Q,Roddie,26,Lauryn,true,Vittima,Femminile
Turin,6SO1LZJ3L8IZ4YV2,Gurdon,62,Andree,true,Vittima,Femminile
Rome,AZB04M5C2MRE10X1,Cuberley,51,Masha,true,Vittima,Femminile
Bologna,708F21NBU048J473,Roomes,28,Barbi,false,Vittima,Femminile
